{
  "lineage1.2.1.2.1": {
    "tb_pred": 0.693519079345851,
    "gmm_pred_UB": 0.6563669211960224,
    "gmm_pred_LB": 0.6048454974640185,
    "resistance": {
      "streptomycin": 0.9999999999999998,
      "isoniazid": 0.9999999996487379,
      "rifampicin": 0.9999999959060442
    }
  },
  "lineage4.3.4.2": {
    "tb_pred": 0.32276330690826727,
    "gmm_pred_UB": 0.39723002455997114,
    "gmm_pred_LB": 0.3388951967359132,
    "resistance": {
      "ethambutol": 1.0,
      "isoniazid": 0.9999999999999643,
      "rifampicin": 0.9999999624473636
    }
  },
  "Unknown50-50DR": {},
  "gmm_tb-profiler_MSE": 0.003005028066464058
}