{
  "lineage": [
    {
      "lin": "lineage3.1.2",
      "tb_pred": 0.9136276391554703,
      "gmm_pred_UB": 0.899521512163399,
      "gmm_pred_LB": 0.8728646504836677,
      "resistance_pred": []
    },
    {
      "lin": "lineage4",
      "tb_pred": 0.09179056237879767,
      "gmm_pred_UB": 0.2900176358502182,
      "gmm_pred_LB": 0.14585433406345638,
      "resistance_pred": []
    }
  ],
  "Unknown50-50DR": [],
  "gmm_tb-profiler_MSE": 0.008332661300413042
}