{
  "lineage": [
    {
      "lin": "lineage2.2.1",
      "tb_pred": 0.6867196367763905,
      "gmm_pred_UB": 0.6470241757215927,
      "gmm_pred_LB": 0.6110344053101611,
      "resistance_pred": []
    },
    {
      "lin": "lineage4.3.4.2.1",
      "tb_pred": 0.3433777154870357,
      "gmm_pred_UB": 0.43197792330602786,
      "gmm_pred_LB": 0.35588995191625356,
      "resistance_pred": []
    }
  ],
  "Unknown50-50DR": [],
  "gmm_tb-profiler_MSE": 0.0029420538235599
}