{
  "lineage1": {
    "streptomycin": 1.0,
    "isoniazid": 0.9999999997989613,
    "rifampicin": 0.9999999974652594
  },
  "lineage4": {
    "ethambutol": 1.0,
    "isoniazid": 0.9999999999998439,
    "rifampicin": 0.999999916644052
  }
}