{
  "lineage": [
    {
      "lin": "lineage3.1.2",
      "tb_pred": 0.6823134953897737,
      "gmm_pred": 0.6637595059127182,
      "gmm_pred_UB": 0.6884717075047571,
      "gmm_pred_LB": 0.6390473043206792,
      "resistance_pred": []
    },
    {
      "lin": "lineage4.3.4.2.1",
      "tb_pred": 0.28403237674760856,
      "gmm_pred": 0.32795808127967735,
      "gmm_pred_UB": 0.3508719193431154,
      "gmm_pred_LB": 0.3050442432162393,
      "resistance_pred": []
    }
  ],
  "Unknown50-50DR": [],
  "gmm_tb-profiler_MSE": 0.0011368590220766483
}