{
  "lineage": [
    {
      "lin": "lineage1.1.3.2",
      "tb_pred": 0.8594692400482509,
      "gmm_pred": 0.8572935596620451,
      "gmm_pred_UB": 0.8770815958826021,
      "gmm_pred_LB": 0.8375055234414881,
      "resistance_pred": []
    },
    {
      "lin": "lineage1.2.2.2",
      "tb_pred": 0.08441158348736907,
      "gmm_pred": 0.17908818228675388,
      "gmm_pred_UB": 0.2366354765260881,
      "gmm_pred_LB": 0.12154088804741967,
      "resistance_pred": []
    }
  ],
  "Unknown50-50DR": [],
  "gmm_tb-profiler_MSE": 0.0044841959726812965
}