{
  "lineage": [
    {
      "lin": "lineage1.1.2",
      "tb_pred": 0.6842723004694836,
      "gmm_pred_UB": 0.6414060074282649,
      "gmm_pred_LB": 0.5852242115216243,
      "resistance_pred": {}
    },
    {
      "lin": "lineage1.1.3.2",
      "tb_pred": 0.33550065019505854,
      "gmm_pred_UB": 0.40205109403329914,
      "gmm_pred_LB": 0.35411724050828736,
      "resistance_pred": {}
    }
  ],
  "Unknown50-50DR": {},
  "gmm_tb-profiler_MSE": 0.0034241394401874387
}