{
  "lineage": [
    {
      "lin": "lineage4.1.1.3",
      "tb_pred": 0.582723279648609,
      "gmm_pred_UB": 0.5332678112262372,
      "gmm_pred_LB": 0.49978123131611385,
      "resistance_pred": {}
    },
    {
      "lin": "lineage1.1.3.2",
      "tb_pred": 0.4416167664670659,
      "gmm_pred_UB": 0.4699884069251773,
      "gmm_pred_LB": 0.451810150163794,
      "resistance_pred": {}
    }
  ],
  "Unknown50-50DR": {},
  "gmm_tb-profiler_MSE": 0.0023770454413648305
}