{
  "lineage": [
    {
      "lin": "lineage4.1.2",
      "tb_pred": 0.8269230769230769,
      "gmm_pred_UB": 0.8296911231436608,
      "gmm_pred_LB": 0.7726959638045869,
      "resistance_pred": {}
    },
    {
      "lin": "lineage4.3.4.2.1",
      "tb_pred": 0.14549653579676675,
      "gmm_pred_UB": 0.33435242917623864,
      "gmm_pred_LB": 0.20061648566199286,
      "resistance_pred": {}
    }
  ],
  "Unknown50-50DR": {},
  "gmm_tb-profiler_MSE": 0.007771530956620578
}