{
  "lineage": [
    {
      "lin": "lineage1.1.3.2",
      "tb_pred": 0.9554140127388535,
      "gmm_pred_UB": 0.9388455228317785,
      "gmm_pred_LB": 0.9069018459387506,
      "resistance_pred": {}
    },
    {
      "lin": "lineage4",
      "tb_pred": 0.05172413793103448,
      "gmm_pred_UB": 0.4583994146458362,
      "gmm_pred_LB": 0.21682197360028,
      "resistance_pred": {}
    }
  ],
  "Unknown50-50DR": {},
  "gmm_tb-profiler_MSE": 0.04139499799034724
}