{
  "lineage": [
    {
      "lin": "lineage4.8",
      "tb_pred": 0.8526315789473684,
      "gmm_pred_UB": 0.8428684646094446,
      "gmm_pred_LB": 0.8010511887224263,
      "resistance_pred": {
        "ofloxacin": 1.0,
        "rifampicin": 1.0,
        "streptomycin": 1.0,
        "isoniazid": 1.0,
        "kanamycin": 1.0
      }
    },
    {
      "lin": "lineage4.1",
      "tb_pred": 0.15286624203821655,
      "gmm_pred_UB": 0.26625481907172044,
      "gmm_pred_LB": 0.18216496688789618,
      "resistance_pred": {}
    }
  ],
  "Unknown50-50DR": {},
  "gmm_tb-profiler_MSE": 0.0030153364588446363
}