{
  "lineage": [
    {
      "lin": "lineage4.1.2.1",
      "tb_pred": 0.7637407711238721,
      "gmm_pred_UB": 0.7324658451281388,
      "gmm_pred_LB": 0.6965723057920509,
      "resistance_pred": {}
    },
    {
      "lin": "lineage2.2.1",
      "tb_pred": 0.25391849529780564,
      "gmm_pred_UB": 0.3233333820696139,
      "gmm_pred_LB": 0.26499820260809287,
      "resistance_pred": {
        "rifampicin": 1.0,
        "streptomycin": 1.0,
        "isoniazid": 1.0,
        "pyrazinamide": 1.0,
        "ethambutol": 1.0
      }
    }
  ],
  "Unknown50-50DR": {},
  "gmm_tb-profiler_MSE": 0.002021310121563917
}