{
  "lineage": [
    {
      "lin": "lineage4.6.1.2",
      "tb_pred": 0.7844827586206896,
      "gmm_pred_UB": 0.82443914145486,
      "gmm_pred_LB": 0.7533420445220793,
      "resistance_pred": {}
    },
    {
      "lin": "lineage4.1.2",
      "tb_pred": 0.05927180355630821,
      "gmm_pred_UB": 0.22648470564575068,
      "gmm_pred_LB": 0.11398354128687717,
      "resistance_pred": {}
    }
  ],
  "Unknown50-50DR": {},
  "gmm_tb-profiler_MSE": 0.006166032721812116
}