{
  "lineage": [
    {
      "lin": "lineage2.2.1",
      "tb_pred": 0.9217171717171717,
      "gmm_pred_UB": 0.9283158984486506,
      "gmm_pred_LB": 0.8863519057764473,
      "resistance_pred": {
        "rifampicin": 0.9999999999999758,
        "ethambutol": 0.9999999999999707,
        "ethionamide": 0.9999999999999647,
        "kanamycin": 0.9999999999934057
      }
    },
    {
      "lin": "lineage4.3.3",
      "tb_pred": 0.05484247374562427,
      "gmm_pred_UB": 0.2408063340466283,
      "gmm_pred_LB": 0.0967920297489607,
      "resistance_pred": {
        "pyrazinamide": 1.0
      }
    }
  ],
  "Unknown50-50DR": {},
  "gmm_tb-profiler_MSE": 0.006596504888699083
}