{
  "lineage": [
    {
      "lin": "lineage2.2.1",
      "tb_pred": 0.7061224489795919,
      "gmm_pred_UB": 0.6905414018526326,
      "gmm_pred_LB": 0.6161492091990817,
      "resistance_pred": {
        "pyrazinamide": 0.9999999999999929,
        "ethionamide": 0.9999999999240896,
        "streptomycin": 0.99999999624538,
        "isoniazid": 0.9999999782602149,
        "ethambutol": 0.9999973928712009,
        "rifampicin": 0.9998336229613484
      }
    },
    {
      "lin": "lineage4.3.3",
      "tb_pred": 0.2772585669781931,
      "gmm_pred_UB": 0.3961622509412134,
      "gmm_pred_LB": 0.310676192503315,
      "resistance_pred": {}
    }
  ],
  "Unknown50-50DR": {},
  "gmm_tb-profiler_MSE": 0.004292936101090846
}