{
  "lineage": [
    {
      "lin": "lineage3.1.3",
      "tb_pred": 0.8322496749024707,
      "gmm_pred_UB": 0.834783509287567,
      "gmm_pred_LB": 0.7766049429754024,
      "resistance_pred": {
        "streptomycin": 0.9999999999927054
      }
    },
    {
      "lin": "lineage4.8.2",
      "tb_pred": 0.13386880856760375,
      "gmm_pred_UB": 0.3184864329022266,
      "gmm_pred_LB": 0.19209525566497293,
      "resistance_pred": {}
    }
  ],
  "Unknown50-50DR": {},
  "gmm_tb-profiler_MSE": 0.007724251308422539
}