{
  "lineage": [
    {
      "lin": "lineage4.4.1.2",
      "tb_pred": 0.7139830508474576,
      "gmm_pred_UB": 0.6964196491288677,
      "gmm_pred_LB": 0.6397136548706341,
      "resistance_pred": {}
    },
    {
      "lin": "lineage4.3.4.2.1",
      "tb_pred": 0.2759433962264151,
      "gmm_pred_UB": 0.3994846168403841,
      "gmm_pred_LB": 0.31143991118515896,
      "resistance_pred": {}
    }
  ],
  "Unknown50-50DR": {},
  "gmm_tb-profiler_MSE": 0.004215783008582857
}