{
  "lineage": [
    {
      "lin": "lineage1.2.2.2",
      "tb_pred": 0.901829268292683,
      "gmm_pred_UB": 0.9172849146559048,
      "gmm_pred_LB": 0.8832366971933967,
      "resistance_pred": {}
    },
    {
      "lin": "lineage1.1.3",
      "tb_pred": 0.05205811138014528,
      "gmm_pred_UB": 0.2710369999455734,
      "gmm_pred_LB": 0.11488249203677478,
      "resistance_pred": {}
    }
  ],
  "Unknown50-50DR": {},
  "gmm_tb-profiler_MSE": 0.009927865355129899
}