{
  "lineage": [
    {
      "lin": "lineage3.1.3",
      "tb_pred": 0.7862453531598513,
      "gmm_pred_UB": 0.8996393763611287,
      "gmm_pred_LB": 0.7990538620581201,
      "resistance_pred": {}
    },
    {
      "lin": "lineage4",
      "tb_pred": 0.06666666666666667,
      "gmm_pred_UB": 0.23593463674860504,
      "gmm_pred_LB": 0.11819556465124215,
      "resistance_pred": {}
    }
  ],
  "Unknown50-50DR": {},
  "gmm_tb-profiler_MSE": 0.008084792007039812
}