{
  "lineage": [
    {
      "lin": "lineage3",
      "tb_pred": 0.9589266155531215,
      "gmm_pred_UB": 0.9421609813488514,
      "gmm_pred_LB": 0.9261251002390485,
      "resistance_pred": {}
    },
    {
      "lin": "lineage4",
      "tb_pred": 0.05293806246691371,
      "gmm_pred_UB": 0.3381899224081014,
      "gmm_pred_LB": 0.1831648286952937,
      "resistance_pred": {
        "streptomycin": 0.9999999994516906
      }
    }
  ],
  "Unknown50-50DR": {},
  "gmm_tb-profiler_MSE": 0.02188492388939065
}