{
  "lineage": [
    {
      "lin": "lineage1.1.3.3",
      "tb_pred": 0.8902589395807645,
      "gmm_pred_UB": 0.9128205587845907,
      "gmm_pred_LB": 0.8799361825088831,
      "resistance_pred": {}
    },
    {
      "lin": "lineage4",
      "tb_pred": 0.07179487179487179,
      "gmm_pred_UB": 0.3331161722414623,
      "gmm_pred_LB": 0.1385877198877708,
      "resistance_pred": {}
    }
  ],
  "Unknown50-50DR": {},
  "gmm_tb-profiler_MSE": 0.013476085527259866
}