{
  "lineage": [
    {
      "lin": "lineage4.1.2.1",
      "tb_pred": 0.7666824420255561,
      "gmm_pred_UB": 0.7630095718006035,
      "gmm_pred_LB": 0.714430541241926,
      "resistance_pred": {
        "streptomycin": 1.0,
        "kanamycin": 1.0,
        "ethambutol": 1.0,
        "ethionamide": 1.0
      }
    },
    {
      "lin": "lineage2.2.1",
      "tb_pred": 0.23026315789473684,
      "gmm_pred_UB": 0.29469135429044874,
      "gmm_pred_LB": 0.23846176021100104,
      "resistance_pred": {
        "ofloxacin": 1.0,
        "rifampicin": 1.0,
        "kanamycin": 1.0,
        "isoniazid": 1.0,
        "cycloserine": 1.0,
        "ethambutol": 1.0,
        "ethionamide": 1.0,
        "streptomycin": 1.0
      }
    }
  ],
  "Unknown50-50DR": {},
  "gmm_tb-profiler_MSE": 0.0010502789879390398
}