{
  "lineage": [
    {
      "lin": "lineage1.1.1.1",
      "tb_pred": 0.8297604035308953,
      "gmm_pred_UB": 0.8165708471444761,
      "gmm_pred_LB": 0.7605713619892647,
      "resistance_pred": {}
    },
    {
      "lin": "lineage2.2.1",
      "tb_pred": 0.16120218579234974,
      "gmm_pred_UB": 0.30495818924188817,
      "gmm_pred_LB": 0.18036469586987647,
      "resistance_pred": {}
    }
  ],
  "Unknown50-50DR": {},
  "gmm_tb-profiler_MSE": 0.004166084430807475
}