{
  "lineage": [
    {
      "lin": "lineage2.2.1",
      "tb_pred": 0.7553101104502974,
      "gmm_pred_UB": 0.7331584865330758,
      "gmm_pred_LB": 0.6605569601494923,
      "resistance_pred": {
        "ofloxacin": 1.0,
        "rifampicin": 1.0,
        "streptomycin": 1.0,
        "isoniazid": 1.0,
        "pyrazinamide": 1.0,
        "ethambutol": 1.0
      }
    },
    {
      "lin": "lineage1.2.2.2",
      "tb_pred": 0.2483974358974359,
      "gmm_pred_UB": 0.3197242688868441,
      "gmm_pred_LB": 0.2661290847144265,
      "resistance_pred": {}
    }
  ],
  "Unknown50-50DR": {},
  "gmm_tb-profiler_MSE": 0.002699767427078557
}