{
  "lineage": [
    {
      "lin": "lineage4.3.4.2",
      "tb_pred": 0.8668407310704961,
      "gmm_pred_UB": 0.8229527707458126,
      "gmm_pred_LB": 0.7843137507318567,
      "resistance_pred": {
        "rifampicin": 1.0,
        "pyrazinamide": 1.0,
        "ethambutol": 1.0,
        "streptomycin": 1.0
      }
    },
    {
      "lin": "lineage4.3.3",
      "tb_pred": 0.16844919786096257,
      "gmm_pred_UB": 0.3230526074954411,
      "gmm_pred_LB": 0.20143642856158686,
      "resistance_pred": {
        "pyrazinamide": 0.9999999997141629,
        "ethambutol": 0.9999999996019386,
        "rifampicin": 0.999999998000378,
        "isoniazid": 0.9999894490593929
      }
    }
  ],
  "Unknown50-50DR": {},
  "gmm_tb-profiler_MSE": 0.006396373195530668
}