{
  "lineage": [
    {
      "lin": "lineage3",
      "tb_pred": 0.7001703577512777,
      "gmm_pred_UB": 0.691316361293955,
      "gmm_pred_LB": 0.6075111110420144,
      "resistance_pred": {
        "streptomycin": 0.9999997990296048,
        "isoniazid": 0.9999996798019124,
        "ethambutol": 0.9999894410894322,
        "rifampicin": 0.9998384429664626
      }
    },
    {
      "lin": "lineage4.5",
      "tb_pred": 0.2744755244755245,
      "gmm_pred_UB": 0.3830067613740863,
      "gmm_pred_LB": 0.3051484822519003,
      "resistance_pred": {
        "clofazimine": 0.999203512359781,
        "rifampicin": 0.9616102101789659
      }
    }
  ],
  "Unknown50-50DR": {},
  "gmm_tb-profiler_MSE": 0.0037103432941620416
}