{
  "lineage": [
    {
      "lin": "lineage4.8",
      "tb_pred": 0.6884176182707994,
      "gmm_pred_UB": 0.6327228069247925,
      "gmm_pred_LB": 0.5279590745919212,
      "resistance_pred": {
        "rifampicin": 0.9998263686182582,
        "isoniazid": 0.9990177845994087,
        "streptomycin": 0.9987433629757293,
        "pyrazinamide": 0.9970410639201485
      }
    },
    {
      "lin": "lineage4.3.3",
      "tb_pred": 0.2847854356306892,
      "gmm_pred_UB": 0.3739629348594215,
      "gmm_pred_LB": 0.31266879702581657,
      "resistance_pred": {}
    }
  ],
  "Unknown50-50DR": {},
  "gmm_tb-profiler_MSE": 0.007553189747314089
}