{
  "lineage": [
    {
      "lin": "lineage4.3.3",
      "tb_pred": 0.6429512516469038,
      "gmm_pred_UB": 0.6276920442213157,
      "gmm_pred_LB": 0.5714488493219084,
      "resistance_pred": {
        "ethambutol": 1.0,
        "rifampicin": 0.9999999999995777,
        "pyrazinamide": 0.9999999996263713,
        "ofloxacin": 0.9999999884539014,
        "isoniazid": 0.9999995042031967,
        "streptomycin": 0.8902657488203497
      }
    },
    {
      "lin": "lineage2.2.1",
      "tb_pred": 0.34893617021276596,
      "gmm_pred_UB": 0.41942274195411533,
      "gmm_pred_LB": 0.3704398248310363,
      "resistance_pred": {
        "rifampicin": 0.9999999999998987,
        "isoniazid": 0.9999999999972582,
        "ofloxacin": 0.9999999993514304
      }
    }
  ],
  "Unknown50-50DR": {},
  "gmm_tb-profiler_MSE": 0.0019987223340258266
}