{
  "lineage": [
    {
      "lin": "lineage4.3.2",
      "tb_pred": 0.7296898079763663,
      "gmm_pred_UB": 0.6726510636513751,
      "gmm_pred_LB": 0.6186227190699102,
      "resistance_pred": {}
    },
    {
      "lin": "lineage4.1.1.3",
      "tb_pred": 0.30970724191063176,
      "gmm_pred_UB": 0.3784694849765694,
      "gmm_pred_LB": 0.32905626648042174,
      "resistance_pred": {
        "rifampicin": 1.0
      }
    }
  ],
  "Unknown50-50DR": {},
  "gmm_tb-profiler_MSE": 0.004502895831351751
}