{
  "lineage": [
    {
      "lin": "lineage2.2.1",
      "tb_pred": 0.9369202226345084,
      "gmm_pred_UB": 0.9290960448393673,
      "gmm_pred_LB": 0.90754084458434,
      "resistance_pred": {}
    },
    {
      "lin": "lineage4",
      "tb_pred": 0.06155218554861731,
      "gmm_pred_UB": 0.6276712626708545,
      "gmm_pred_LB": 0.2308382894252045,
      "resistance_pred": {}
    }
  ],
  "Unknown50-50DR": {},
  "gmm_tb-profiler_MSE": 0.06777561060093108
}