{
  "lineage": [
    {
      "lin": "lineage2.2.1",
      "tb_pred": 0.5316455696202531,
      "gmm_pred_UB": 0.5144602234417529,
      "gmm_pred_LB": 0.5060770315004955,
      "resistance_pred": {}
    },
    {
      "lin": "lineage4.3.2",
      "tb_pred": 0.4806265457543281,
      "gmm_pred_UB": 0.49727432806566746,
      "gmm_pred_LB": 0.4873796918436209,
      "resistance_pred": {}
    }
  ],
  "Unknown50-50DR": {},
  "gmm_tb-profiler_MSE": 0.00029693725907504044
}