{
  "lineage": [
    {
      "lin": "lineage1.1.3.1",
      "tb_pred": 0.7175066312997348,
      "gmm_pred_UB": 0.7041134367347419,
      "gmm_pred_LB": 0.6513511215078354,
      "resistance_pred": {
        "streptomycin": 1.0,
        "isoniazid": 1.0,
        "ethionamide": 1.0,
        "ofloxacin": 0.9999999999999998,
        "ethambutol": 0.9999999999999996,
        "rifampicin": 0.9999999999540201,
        "pyrazinamide": 0.9999996624027921
      }
    },
    {
      "lin": "lineage4.3.3",
      "tb_pred": 0.2757557063541024,
      "gmm_pred_UB": 0.3807799678572409,
      "gmm_pred_LB": 0.29697698808154427,
      "resistance_pred": {}
    }
  ],
  "Unknown50-50DR": {},
  "gmm_tb-profiler_MSE": 0.002783241693805574
}