{
  "lineage": [
    {
      "lin": "lineage1.1.2",
      "tb_pred": 0.614,
      "gmm_pred_UB": 0.5501285797754589,
      "gmm_pred_LB": 0.5180113008545251,
      "resistance_pred": {}
    },
    {
      "lin": "lineage3",
      "tb_pred": 0.43289224952741023,
      "gmm_pred_UB": 0.4836617044598616,
      "gmm_pred_LB": 0.4546280368459035,
      "resistance_pred": {}
    }
  ],
  "Unknown50-50DR": {},
  "gmm_tb-profiler_MSE": 0.0038515334898579917
}