{
  "lineage": [
    {
      "lin": "lineage4.3.3",
      "tb_pred": 0.7640047675804529,
      "gmm_pred_UB": 0.7719394945295309,
      "gmm_pred_LB": 0.6790707913849691,
      "resistance_pred": {}
    },
    {
      "lin": "lineage2.2.1",
      "tb_pred": 0.21941489361702127,
      "gmm_pred_UB": 0.32459211059030824,
      "gmm_pred_LB": 0.24234267637543414,
      "resistance_pred": {
        "streptomycin": 1.0,
        "pyrazinamide": 0.9999999999999969,
        "para-aminosalicylic_acid": 0.9999999999999325,
        "ethambutol": 0.999999999999031,
        "isoniazid": 0.9999999999501898,
        "rifampicin": 0.9999999998917168
      }
    }
  ],
  "Unknown50-50DR": {},
  "gmm_tb-profiler_MSE": 0.002792471917596118
}