{
  "lineage": [
    {
      "lin": "lineage3.1.2",
      "tb_pred": 0.7986688851913477,
      "gmm_pred_UB": 0.7594823481596064,
      "gmm_pred_LB": 0.6717177171635239,
      "resistance_pred": {}
    },
    {
      "lin": "lineage2.2.1.1",
      "tb_pred": 0.2129783693843594,
      "gmm_pred_UB": 0.3347802090460177,
      "gmm_pred_LB": 0.2432651070859924,
      "resistance_pred": {
        "ethambutol": 0.9999999999999967,
        "isoniazid": 0.9999999999999893,
        "rifampicin": 0.9999999999999489,
        "streptomycin": 0.9999999999999085,
        "ethionamide": 0.9999999996757674
      }
    }
  ],
  "Unknown50-50DR": {},
  "gmm_tb-profiler_MSE": 0.00634158405085611
}