{
  "lineage": [
    {
      "lin": "lineage4.2.2.1",
      "tb_pred": 0.9113149847094801,
      "gmm_pred_UB": 0.932850951547221,
      "gmm_pred_LB": 0.8710145252425983,
      "resistance_pred": {}
    },
    {
      "lin": "lineage2",
      "tb_pred": 0.05155746509129968,
      "gmm_pred_UB": 0.24880818678096264,
      "gmm_pred_LB": 0.1142261671586792,
      "resistance_pred": {}
    }
  ],
  "Unknown50-50DR": {},
  "gmm_tb-profiler_MSE": 0.008488776628727763
}