{
  "lineage": [
    {
      "lin": "lineage3",
      "tb_pred": 0.9459119496855346,
      "gmm_pred_UB": 0.9354748195389111,
      "gmm_pred_LB": 0.915046794587735,
      "resistance_pred": {}
    },
    {
      "lin": "lineage4",
      "tb_pred": 0.05791505791505792,
      "gmm_pred_UB": 0.40036646403445386,
      "gmm_pred_LB": 0.14933995941582104,
      "resistance_pred": {}
    }
  ],
  "Unknown50-50DR": {},
  "gmm_tb-profiler_MSE": 0.023744316135064326
}