{
  "lineage": [
    {
      "lin": "lineage2.2.1",
      "tb_pred": 0.7751552795031056,
      "gmm_pred_UB": 0.7545335647323108,
      "gmm_pred_LB": 0.696496300163945,
      "resistance_pred": {
        "streptomycin": 1.0
      }
    },
    {
      "lin": "lineage4.3.3",
      "tb_pred": 0.22818791946308725,
      "gmm_pred_UB": 0.31806969024336523,
      "gmm_pred_LB": 0.2444974432215255,
      "resistance_pred": {}
    }
  ],
  "Unknown50-50DR": {},
  "gmm_tb-profiler_MSE": 0.0026416559073453626
}