{
  "lineage": [
    {
      "lin": "lineage3",
      "tb_pred": 0.761437908496732,
      "gmm_pred_UB": 0.7091453338773155,
      "gmm_pred_LB": 0.656209629661801,
      "resistance_pred": {
        "ofloxacin": 1.0,
        "rifampicin": 1.0,
        "isoniazid": 1.0,
        "pyrazinamide": 1.0,
        "streptomycin": 1.0
      }
    },
    {
      "lin": "lineage4.3.3",
      "tb_pred": 0.26910828025477707,
      "gmm_pred_UB": 0.4391886211667019,
      "gmm_pred_LB": 0.3136145334446525,
      "resistance_pred": {
        "streptomycin": 0.9978307444787188
      }
    }
  ],
  "Unknown50-50DR": {},
  "gmm_tb-profiler_MSE": 0.0088575282051496
}