{
  "lineage": [
    {
      "lin": "lineage1.1.1",
      "tb_pred": 0.7833935018050542,
      "gmm_pred_UB": 0.7904948336652853,
      "gmm_pred_LB": 0.7292138773559551,
      "resistance_pred": {
        "streptomycin": 1.0
      }
    },
    {
      "lin": "lineage2.2.1",
      "tb_pred": 0.18693693693693694,
      "gmm_pred_UB": 0.29565710097408665,
      "gmm_pred_LB": 0.2089431431391982,
      "resistance_pred": {
        "streptomycin": 1.0,
        "isoniazid": 1.0,
        "pyrazinamide": 1.0
      }
    }
  ],
  "Unknown50-50DR": {},
  "gmm_tb-profiler_MSE": 0.002413218688631827
}