{
  "lineage": [
    {
      "lin": "lineage4.1.1",
      "tb_pred": 0.7392384105960265,
      "gmm_pred_UB": 0.7346311348606488,
      "gmm_pred_LB": 0.6833418973252882,
      "resistance_pred": {}
    },
    {
      "lin": "lineage2.2.1.1",
      "tb_pred": 0.24665676077265974,
      "gmm_pred_UB": 0.34007449969556747,
      "gmm_pred_LB": 0.268586425776853,
      "resistance_pred": {
        "ofloxacin": 1.0,
        "rifampicin": 1.0,
        "streptomycin": 1.0,
        "isoniazid": 1.0,
        "pyrazinamide": 1.0,
        "ethambutol": 1.0,
        "ethionamide": 1.0
      }
    }
  ],
  "Unknown50-50DR": {},
  "gmm_tb-profiler_MSE": 0.0021207165096022986
}