{
  "lineage": [
    {
      "lin": "lineage2.2.1",
      "tb_pred": 0.8485273492286115,
      "gmm_pred_UB": 0.8559170673340286,
      "gmm_pred_LB": 0.7549741567336066,
      "resistance_pred": {}
    },
    {
      "lin": "lineage1.1.1.1",
      "tb_pred": 0.1374233128834356,
      "gmm_pred_UB": 0.21065219503849025,
      "gmm_pred_LB": 0.15178364173622177,
      "resistance_pred": {
        "streptomycin": 1.0,
        "isoniazid": 1.0,
        "ethambutol": 1.0
      }
    }
  ],
  "Unknown50-50DR": {},
  "gmm_tb-profiler_MSE": 0.001887001775482653
}