{
  "lineage": [
    {
      "lin": "lineage2.2.1",
      "tb_pred": 0.5859766277128547,
      "gmm_pred_UB": 0.5640514006073786,
      "gmm_pred_LB": 0.5172388572035512,
      "resistance_pred": {
        "isoniazid": 0.9999995752642516,
        "ethambutol": 0.5746390389985679
      }
    },
    {
      "lin": "lineage1.1.1",
      "tb_pred": 0.3981308411214953,
      "gmm_pred_UB": 0.4711470913681871,
      "gmm_pred_LB": 0.42736717201470154,
      "resistance_pred": {
        "streptomycin": 0.997861015659138
      }
    }
  ],
  "Unknown50-50DR": {},
  "gmm_tb-profiler_MSE": 0.0023344211857836217
}