{
  "lineage": [
    {
      "lin": "lineage2.2.1",
      "tb_pred": 0.9371772805507745,
      "gmm_pred_UB": 0.9220861953252093,
      "gmm_pred_LB": 0.8947066355721895,
      "resistance_pred": {}
    },
    {
      "lin": "lineage4",
      "tb_pred": 0.06735751295336788,
      "gmm_pred_UB": 0.49460260488946683,
      "gmm_pred_LB": 0.16298032932277137,
      "resistance_pred": {}
    }
  ],
  "Unknown50-50DR": {},
  "gmm_tb-profiler_MSE": 0.03458802528998334
}