{
  "lineage": [
    {
      "lin": "lineage4.4.1.1",
      "tb_pred": 0.7808764940239044,
      "gmm_pred_UB": 0.7908629344813739,
      "gmm_pred_LB": 0.7286952392428129,
      "resistance_pred": {}
    },
    {
      "lin": "lineage2.2.1",
      "tb_pred": 0.1756198347107438,
      "gmm_pred_UB": 0.29216359007997794,
      "gmm_pred_LB": 0.20851483025097828,
      "resistance_pred": {
        "isoniazid": 1.0
      }
    }
  ],
  "Unknown50-50DR": {},
  "gmm_tb-profiler_MSE": 0.0030140428286483923
}