{
  "lineage": [
    {
      "lin": "lineage1.1.1.1",
      "tb_pred": 0.797752808988764,
      "gmm_pred_UB": 0.7871771236444483,
      "gmm_pred_LB": 0.7223000944854971,
      "resistance_pred": {}
    },
    {
      "lin": "lineage2.2.1",
      "tb_pred": 0.18840579710144928,
      "gmm_pred_UB": 0.3198236525176271,
      "gmm_pred_LB": 0.21247700984245,
      "resistance_pred": {}
    }
  ],
  "Unknown50-50DR": {},
  "gmm_tb-profiler_MSE": 0.0039472169870904085
}