{
  "lineage": [
    {
      "lin": "lineage4.6.2.2",
      "tb_pred": 0.6791530944625407,
      "gmm_pred_UB": 0.6413703262754652,
      "gmm_pred_LB": 0.5969665506317504,
      "resistance_pred": {}
    },
    {
      "lin": "lineage4.8",
      "tb_pred": 0.33783783783783783,
      "gmm_pred_UB": 0.44022514302901294,
      "gmm_pred_LB": 0.36728136809294076,
      "resistance_pred": {}
    }
  ],
  "Unknown50-50DR": {},
  "gmm_tb-profiler_MSE": 0.003971500625062959
}