{
  "lineage": [
    {
      "lin": "lineage2.2.1",
      "tb_pred": 0.6994219653179191,
      "gmm_pred_UB": 0.695458466396143,
      "gmm_pred_LB": 0.6215291713143187,
      "resistance_pred": {}
    },
    {
      "lin": "lineage1.1.2",
      "tb_pred": 0.28810408921933084,
      "gmm_pred_UB": 0.3502311755903992,
      "gmm_pred_LB": 0.30721588745621076,
      "resistance_pred": {
        "ofloxacin": 1.0,
        "rifampicin": 1.0,
        "streptomycin": 1.0,
        "kanamycin": 1.0,
        "isoniazid": 1.0,
        "pyrazinamide": 1.0,
        "para-aminosalicylic_acid": 1.0,
        "ethambutol": 1.0
      }
    }
  ],
  "Unknown50-50DR": {},
  "gmm_tb-profiler_MSE": 0.0016625261329785731
}