{
  "lineage": [
    {
      "lin": "lineage4.5",
      "tb_pred": 0.7800237812128419,
      "gmm_pred_UB": 0.8121455506284695,
      "gmm_pred_LB": 0.734595397224655,
      "resistance_pred": {}
    },
    {
      "lin": "lineage3.1.2",
      "tb_pred": 0.15085158150851583,
      "gmm_pred_UB": 0.23800513159835054,
      "gmm_pred_LB": 0.17615409430797122,
      "resistance_pred": {}
    }
  ],
  "Unknown50-50DR": {},
  "gmm_tb-profiler_MSE": 0.0016029290089928276
}