{
  "lineage": [
    {
      "lin": "lineage1.1.3",
      "tb_pred": 0.7701492537313432,
      "gmm_pred_UB": 0.749012221812616,
      "gmm_pred_LB": 0.6820559051979814,
      "resistance_pred": {}
    },
    {
      "lin": "lineage2.2.1",
      "tb_pred": 0.2222222222222222,
      "gmm_pred_UB": 0.3398662300360977,
      "gmm_pred_LB": 0.25002727141053516,
      "resistance_pred": {
        "rifampicin": 1.0,
        "streptomycin": 1.0,
        "isoniazid": 1.0,
        "pyrazinamide": 1.0,
        "ethambutol": 1.0,
        "ofloxacin": 0.999999999999998
      }
    }
  ],
  "Unknown50-50DR": {},
  "gmm_tb-profiler_MSE": 0.00413583802456675
}