{
  "lineage": [
    {
      "lin": "lineage4.4.1.1",
      "tb_pred": 0.8510838831291234,
      "gmm_pred_UB": 0.8906593972022135,
      "gmm_pred_LB": 0.8407775149248998,
      "resistance_pred": {
        "ofloxacin": 1.0,
        "kanamycin": 1.0,
        "isoniazid": 1.0,
        "ethambutol": 1.0,
        "ethionamide": 1.0
      }
    },
    {
      "lin": "lineage2.2.1",
      "tb_pred": 0.058823529411764705,
      "gmm_pred_UB": 0.21015910038509777,
      "gmm_pred_LB": 0.11265741781984602,
      "resistance_pred": {
        "ofloxacin": 1.0,
        "rifampicin": 1.0,
        "isoniazid": 1.0,
        "pyrazinamide": 1.0,
        "kanamycin": 1.0,
        "ethambutol": 1.0
      }
    }
  ],
  "Unknown50-50DR": {},
  "gmm_tb-profiler_MSE": 0.0053688987453443535
}