{
  "lineage": [
    {
      "lin": "lineage4.8",
      "tb_pred": 0.7288389513108614,
      "gmm_pred_UB": 0.7103836425423514,
      "gmm_pred_LB": 0.6395652241218389,
      "resistance_pred": {}
    },
    {
      "lin": "lineage4.3.3",
      "tb_pred": 0.2689243027888446,
      "gmm_pred_UB": 0.35570186374250323,
      "gmm_pred_LB": 0.2910126560094959,
      "resistance_pred": {
        "isoniazid": 0.9999999999999987
      }
    }
  ],
  "Unknown50-50DR": {},
  "gmm_tb-profiler_MSE": 0.0029321665571684415
}