{
  "lineage": [
    {
      "lin": "lineage4.1.1",
      "tb_pred": 0.7413280475718533,
      "gmm_pred_UB": 0.724130824930063,
      "gmm_pred_LB": 0.6715531384086894,
      "resistance_pred": {
        "streptomycin": 0.9999999999872449
      }
    },
    {
      "lin": "lineage4.3.3",
      "tb_pred": 0.25651720542231493,
      "gmm_pred_UB": 0.36896945661918007,
      "gmm_pred_LB": 0.2779513253920834,
      "resistance_pred": {
        "isoniazid": 1.0
      }
    }
  ],
  "Unknown50-50DR": {},
  "gmm_tb-profiler_MSE": 0.003186214011858491
}