{
  "lineage": [
    {
      "lin": "lineage4.3.2.1",
      "tb_pred": 0.8152364273204904,
      "gmm_pred_UB": 0.8167629174478598,
      "gmm_pred_LB": 0.7697131259818674,
      "resistance_pred": {
        "ofloxacin": 1.0,
        "rifampicin": 1.0,
        "streptomycin": 1.0,
        "isoniazid": 1.0,
        "pyrazinamide": 1.0,
        "ethambutol": 1.0,
        "ethionamide": 1.0
      }
    },
    {
      "lin": "lineage2.2.2",
      "tb_pred": 0.1608832807570978,
      "gmm_pred_UB": 0.26501432886963355,
      "gmm_pred_LB": 0.17636365388503358,
      "resistance_pred": {
        "isoniazid": 1.0
      }
    }
  ],
  "Unknown50-50DR": {},
  "gmm_tb-profiler_MSE": 0.002030326435990529
}