{
  "lineage": [
    {
      "lin": "lineage2.2.1.1",
      "tb_pred": 0.933058702368692,
      "gmm_pred_UB": 0.9068766502374066,
      "gmm_pred_LB": 0.8803149858579682,
      "resistance_pred": {}
    },
    {
      "lin": "lineage4",
      "tb_pred": 0.08399710354815351,
      "gmm_pred_UB": 0.274416121336621,
      "gmm_pred_LB": 0.06981070480948036,
      "resistance_pred": {}
    }
  ],
  "Unknown50-50DR": {},
  "gmm_tb-profiler_MSE": 0.00466090162161024
}