{
  "lineage": [
    {
      "lin": "lineage4.1.2.1",
      "tb_pred": 0.7659804983748646,
      "gmm_pred_UB": 0.7603182980396358,
      "gmm_pred_LB": 0.7264022408713974,
      "resistance_pred": {
        "rifampicin": 1.0
      }
    },
    {
      "lin": "lineage4.3.3",
      "tb_pred": 0.2301155676410605,
      "gmm_pred_UB": 0.2866555928844296,
      "gmm_pred_LB": 0.2406247845582506,
      "resistance_pred": {
        "isoniazid": 1.0
      }
    }
  ],
  "Unknown50-50DR": {},
  "gmm_tb-profiler_MSE": 0.0008177874874700174
}