{
  "lineage": [
    {
      "lin": "lineage1.2.2.2",
      "tb_pred": 0.8581436077057794,
      "gmm_pred_UB": 0.8884558601796887,
      "gmm_pred_LB": 0.8191596413963494,
      "resistance_pred": {}
    },
    {
      "lin": "lineage3",
      "tb_pred": 0.07011070110701106,
      "gmm_pred_UB": 0.2952374905656019,
      "gmm_pred_LB": 0.14521385617575652,
      "resistance_pred": {}
    }
  ],
  "Unknown50-50DR": {},
  "gmm_tb-profiler_MSE": 0.011276652276466575
}