{
  "lineage": [
    {
      "lin": "lineage1.1.2",
      "tb_pred": 0.7794533459000943,
      "gmm_pred_UB": 0.7818409143137817,
      "gmm_pred_LB": 0.7285387299045203,
      "resistance_pred": {
        "pyrazinamide": 1.0
      }
    },
    {
      "lin": "lineage4.1.1.3",
      "tb_pred": 0.19171483622350674,
      "gmm_pred_UB": 0.31954811567304564,
      "gmm_pred_LB": 0.22980860316665375,
      "resistance_pred": {
        "rifampicin": 1.0
      }
    }
  ],
  "Unknown50-50DR": {},
  "gmm_tb-profiler_MSE": 0.003735832383951904
}