{
  "lineage": [
    {
      "lin": "lineage1.2.1.1",
      "tb_pred": 0.901323706377858,
      "gmm_pred_UB": 0.9226359089195602,
      "gmm_pred_LB": 0.8807949780768309,
      "resistance_pred": {}
    },
    {
      "lin": "lineage4",
      "tb_pred": 0.06257378984651712,
      "gmm_pred_UB": 0.3834680786753223,
      "gmm_pred_LB": 0.17674312041659432,
      "resistance_pred": {}
    }
  ],
  "Unknown50-50DR": {},
  "gmm_tb-profiler_MSE": 0.02366012084454267
}