{
  "lineage": [
    {
      "lin": "lineage4.3.2",
      "tb_pred": 0.8347457627118644,
      "gmm_pred_UB": 0.8595219544057598,
      "gmm_pred_LB": 0.8060040400261551,
      "resistance_pred": {}
    },
    {
      "lin": "lineage4.1.1.3.1",
      "tb_pred": 0.10206185567010309,
      "gmm_pred_UB": 0.25327219408981677,
      "gmm_pred_LB": 0.13992460595011738,
      "resistance_pred": {}
    }
  ],
  "Unknown50-50DR": {},
  "gmm_tb-profiler_MSE": 0.00447054478831278
}