{
  "lineage": [
    {
      "lin": "lineage4.3.4.2.1",
      "tb_pred": 0.9153908138597905,
      "gmm_pred_UB": 0.916331333638601,
      "gmm_pred_LB": 0.8708016943311416,
      "resistance_pred": {
        "kanamycin": 1.0
      }
    },
    {
      "lin": "lineage4.1.1",
      "tb_pred": 0.06677018633540373,
      "gmm_pred_UB": 0.30876660839293435,
      "gmm_pred_LB": 0.10729985479286111,
      "resistance_pred": {
        "isoniazid": 0.9999981054068898
      }
    }
  ],
  "Unknown50-50DR": {},
  "gmm_tb-profiler_MSE": 0.010215774010225599
}