{
  "lineage": [
    {
      "lin": "lineage4.1.2.1",
      "tb_pred": 0.889060092449923,
      "gmm_pred_UB": 0.8855151610547722,
      "gmm_pred_LB": 0.8505816158242185,
      "resistance_pred": {}
    },
    {
      "lin": "lineage2.2.1",
      "tb_pred": 0.09970238095238096,
      "gmm_pred_UB": 0.23084380314226322,
      "gmm_pred_LB": 0.10558088863909788,
      "resistance_pred": {
        "streptomycin": 0.9999999999999827
      }
    }
  ],
  "Unknown50-50DR": {},
  "gmm_tb-profiler_MSE": 0.0025675535006344295
}