{
  "lineage": [
    {
      "lin": "lineage4.5",
      "tb_pred": 0.8483221476510067,
      "gmm_pred_UB": 0.8607724910714672,
      "gmm_pred_LB": 0.8117868497251292,
      "resistance_pred": {}
    },
    {
      "lin": "lineage4.3.3",
      "tb_pred": 0.11778563015312132,
      "gmm_pred_UB": 0.23311548574295837,
      "gmm_pred_LB": 0.13723443259820084,
      "resistance_pred": {}
    }
  ],
  "Unknown50-50DR": {},
  "gmm_tb-profiler_MSE": 0.002343171461902623
}