{
  "lineage": [
    {
      "lin": "lineage4.5",
      "tb_pred": 0.8584474885844748,
      "gmm_pred_UB": 0.8693269337857658,
      "gmm_pred_LB": 0.7835343454638634,
      "resistance_pred": {}
    },
    {
      "lin": "lineage2.2.1.1",
      "tb_pred": 0.08296943231441048,
      "gmm_pred_UB": 0.25681512533210366,
      "gmm_pred_LB": 0.15342809728175968,
      "resistance_pred": {
        "ofloxacin": 1.0
      }
    }
  ],
  "Unknown50-50DR": {},
  "gmm_tb-profiler_MSE": 0.007973116724963319
}