{
  "lineage": [
    {
      "lin": "lineage4.4.2",
      "tb_pred": 0.7896318557475582,
      "gmm_pred_UB": 0.8093019009976902,
      "gmm_pred_LB": 0.7525376723078742,
      "resistance_pred": {}
    },
    {
      "lin": "lineage2.2.1",
      "tb_pred": 0.14352047277332208,
      "gmm_pred_UB": 0.21029108508790345,
      "gmm_pred_LB": 0.14473911458052297,
      "resistance_pred": {
        "rifampicin": 1.0,
        "streptomycin": 1.0,
        "isoniazid": 1.0,
        "pyrazinamide": 1.0,
        "para-aminosalicylic_acid": 1.0,
        "ethambutol": 1.0
      }
    }
  ],
  "Unknown50-50DR": {},
  "gmm_tb-profiler_MSE": 0.0006157674084606117
}