{
  "lineage": [
    {
      "lin": "lineage4.5",
      "tb_pred": 0.7617148554336989,
      "gmm_pred_UB": 0.781553605454451,
      "gmm_pred_LB": 0.742927188373169,
      "resistance_pred": {
        "rifampicin": 1.0,
        "isoniazid": 1.0
      }
    },
    {
      "lin": "lineage3",
      "tb_pred": 0.19986563654685927,
      "gmm_pred_UB": 0.254997319074918,
      "gmm_pred_LB": 0.2133601896800865,
      "resistance_pred": {}
    }
  ],
  "Unknown50-50DR": {},
  "gmm_tb-profiler_MSE": 0.0005888331245534531
}