{
  "lineage": [
    {
      "lin": "lineage4.2.2",
      "tb_pred": 0.8654513888888888,
      "gmm_pred_UB": 0.8714807040418201,
      "gmm_pred_LB": 0.8511754976207316,
      "resistance_pred": {}
    },
    {
      "lin": "lineage2.2.1",
      "tb_pred": 0.12756010685663402,
      "gmm_pred_UB": 0.16999933814819518,
      "gmm_pred_LB": 0.12461718170581493,
      "resistance_pred": {
        "rifampicin": 1.0,
        "streptomycin": 1.0,
        "isoniazid": 1.0,
        "pyrazinamide": 1.0,
        "ethambutol": 1.0
      }
    }
  ],
  "Unknown50-50DR": {},
  "gmm_tb-profiler_MSE": 0.0002034955270484293
}