{
  "lineage": [
    {
      "lin": "lineage2.2.1",
      "tb_pred": 0.904887714663144,
      "gmm_pred_UB": 0.8939568018413989,
      "gmm_pred_LB": 0.8587933721951827,
      "resistance_pred": {}
    },
    {
      "lin": "lineage4",
      "tb_pred": 0.09125964010282776,
      "gmm_pred_UB": 0.30423303141528896,
      "gmm_pred_LB": 0.14697565945951557,
      "resistance_pred": {
        "rifampicin": 0.9999999977833154,
        "isoniazid": 0.9999999977301157,
        "streptomycin": 0.9999999757739241,
        "ethambutol": 0.9999999249431665
      }
    }
  ],
  "Unknown50-50DR": {},
  "gmm_tb-profiler_MSE": 0.009430734893323847
}