{
  "lineage": [
    {
      "lin": "lineage1.2.1.2.1",
      "tb_pred": 0.955,
      "gmm_pred_UB": 0.9401391047547897,
      "gmm_pred_LB": 0.8492057364498765,
      "resistance_pred": {}
    },
    {
      "lin": "lineage4",
      "tb_pred": 0.05855855855855856,
      "gmm_pred_UB": 0.18834452501778773,
      "gmm_pred_LB": 0.10594410175559346,
      "resistance_pred": {}
    }
  ],
  "Unknown50-50DR": {},
  "gmm_tb-profiler_MSE": 0.005743426397225858
}