{
  "lineage": [
    {
      "lin": "lineage4.6.1.1",
      "tb_pred": 0.8343949044585988,
      "gmm_pred_UB": 0.6800830914996361,
      "gmm_pred_LB": 0.4171958549858868,
      "resistance_pred": {
        "pyrazinamide": 0.9778658350415311,
        "isoniazid": 0.9364548887496282
      }
    },
    {
      "lin": "lineage4.1.1.3",
      "tb_pred": 0.13664596273291926,
      "gmm_pred_UB": 0.2576142019937727,
      "gmm_pred_LB": 0.18124155260560382,
      "resistance_pred": {}
    }
  ],
  "Unknown50-50DR": {},
  "gmm_tb-profiler_MSE": 0.0442545059243445
}