{
  "lineage": [
    {
      "lin": "lineage3.1.1",
      "tb_pred": 0.8999236058059588,
      "gmm_pred_UB": 0.8740857839077807,
      "gmm_pred_LB": 0.8442744753049947,
      "resistance_pred": {}
    },
    {
      "lin": "lineage4",
      "tb_pred": 0.11934477379095164,
      "gmm_pred_UB": 0.32702395766069203,
      "gmm_pred_LB": 0.19056170391390057,
      "resistance_pred": {
        "isoniazid": 0.9999999969984872
      }
    }
  ],
  "Unknown50-50DR": {},
  "gmm_tb-profiler_MSE": 0.010552895726440402
}