{
  "lineage": [
    {
      "lin": "lineage4.1.2",
      "tb_pred": 0.5997458703939009,
      "gmm_pred_UB": 0.611574902388903,
      "gmm_pred_LB": 0.5738012888850994,
      "resistance_pred": {
        "ethionamide": 0.999999999503302
      }
    },
    {
      "lin": "lineage4.1.1.1",
      "tb_pred": 0.36262760763426544,
      "gmm_pred_UB": 0.43125009703508166,
      "gmm_pred_LB": 0.3870190076193073,
      "resistance_pred": {}
    }
  ],
  "Unknown50-50DR": {},
  "gmm_tb-profiler_MSE": 0.0011063540445951459
}