{
  "lineage": [
    {
      "lin": "lineage2.2.1",
      "tb_pred": 0.9485224022878932,
      "gmm_pred_UB": 0.9348346348530912,
      "gmm_pred_LB": 0.9048825705548036,
      "resistance_pred": {
        "pyrazinamide": 0.9999999999999487,
        "ethambutol": 0.9999999999999438,
        "kanamycin": 0.9999999999999309,
        "rifampicin": 0.9999999999999074,
        "ethionamide": 0.9999999999999007,
        "isoniazid": 0.9999999999998654,
        "streptomycin": 0.9999999999987277
      }
    },
    {
      "lin": "lineage4",
      "tb_pred": 0.05903723887375113,
      "gmm_pred_UB": 0.32029153950546024,
      "gmm_pred_LB": 0.19429167498334649,
      "resistance_pred": {}
    }
  ],
  "Unknown50-50DR": {},
  "gmm_tb-profiler_MSE": 0.020063203992317445
}