{
  "lineage": [
    {
      "lin": "lineage1.1.2",
      "tb_pred": 0.7968085106382978,
      "gmm_pred_UB": 0.814149201041191,
      "gmm_pred_LB": 0.7422867794557533,
      "resistance_pred": {}
    },
    {
      "lin": "lineage4.1.2",
      "tb_pred": 0.10480349344978165,
      "gmm_pred_UB": 0.2701714818671479,
      "gmm_pred_LB": 0.14281380161066182,
      "resistance_pred": {
        "ethionamide": 1.0
      }
    }
  ],
  "Unknown50-50DR": {},
  "gmm_tb-profiler_MSE": 0.005343145164065906
}