{
  "lineage": [
    {
      "lin": "lineage4.3.4.2.1",
      "tb_pred": 0.597752808988764,
      "gmm_pred_UB": 0.6080612082653704,
      "gmm_pred_LB": 0.5288339801500198,
      "resistance_pred": {}
    },
    {
      "lin": "lineage1.1.3.2",
      "tb_pred": 0.3487972508591065,
      "gmm_pred_UB": 0.4263121540625024,
      "gmm_pred_LB": 0.3751888749922316,
      "resistance_pred": {
        "streptomycin": 1.0,
        "isoniazid": 0.9999999999991795,
        "pyrazinamide": 0.999999999813858,
        "ethambutol": 0.999999921993345,
        "rifampicin": 0.9999634834173061
      }
    }
  ],
  "Unknown50-50DR": {},
  "gmm_tb-profiler_MSE": 0.0017789686095741881
}