{
  "lineage": [
    {
      "lin": "lineage2.2.1",
      "tb_pred": 0.9269988412514485,
      "gmm_pred_UB": 0.9364930210779908,
      "gmm_pred_LB": 0.904053162203731,
      "resistance_pred": {}
    },
    {
      "lin": "lineage4",
      "tb_pred": 0.055288461538461536,
      "gmm_pred_UB": 0.3460314404723767,
      "gmm_pred_LB": 0.2034293939815764,
      "resistance_pred": {}
    }
  ],
  "Unknown50-50DR": {},
  "gmm_tb-profiler_MSE": 0.024100003812112254
}