{
  "lineage": [
    {
      "lin": "lineage2.2.1",
      "tb_pred": 0.922272047832586,
      "gmm_pred_UB": 0.9051923516076796,
      "gmm_pred_LB": 0.868577632051994,
      "resistance_pred": {}
    },
    {
      "lin": "lineage4",
      "tb_pred": 0.07868383404864092,
      "gmm_pred_UB": 0.36060633410953324,
      "gmm_pred_LB": 0.17634374801904548,
      "resistance_pred": {}
    }
  ],
  "Unknown50-50DR": {},
  "gmm_tb-profiler_MSE": 0.018636472996499214
}