{
  "lineage": [
    {
      "lin": "lineage2.2.1",
      "tb_pred": 0.9081163859111792,
      "gmm_pred_UB": 0.9253354634760661,
      "gmm_pred_LB": 0.8787492444908201,
      "resistance_pred": {}
    },
    {
      "lin": "lineage4",
      "tb_pred": 0.05529225908372828,
      "gmm_pred_UB": 0.35052972969937707,
      "gmm_pred_LB": 0.2014451433013979,
      "resistance_pred": {}
    }
  ],
  "Unknown50-50DR": {},
  "gmm_tb-profiler_MSE": 0.024371627599414917
}