{
  "lineage": [
    {
      "lin": "lineage1.2.2.2",
      "tb_pred": 0.6597402597402597,
      "gmm_pred_UB": 0.6613799251454366,
      "gmm_pred_LB": 0.6128280998739282,
      "resistance_pred": {}
    },
    {
      "lin": "lineage4.3.2.1",
      "tb_pred": 0.3166869671132765,
      "gmm_pred_UB": 0.3976173040594256,
      "gmm_pred_LB": 0.34010082214161014,
      "resistance_pred": {}
    }
  ],
  "Unknown50-50DR": {},
  "gmm_tb-profiler_MSE": 0.0016171636441928735
}