{
  "lineage": [
    {
      "lin": "lineage2.2.1",
      "tb_pred": 0.9487936976858691,
      "gmm_pred_UB": 0.9413743467429616,
      "gmm_pred_LB": 0.9095401763549256,
      "resistance_pred": {
        "rifampicin": 0.9999999999999969,
        "isoniazid": 0.9999999999999967,
        "streptomycin": 0.999999999999996,
        "ofloxacin": 0.9999999999999958,
        "ethambutol": 0.999999999999994,
        "pyrazinamide": 0.9999999999999676
      }
    },
    {
      "lin": "lineage4",
      "tb_pred": 0.05197505197505198,
      "gmm_pred_UB": 0.30932693841646075,
      "gmm_pred_LB": 0.18492537124171124,
      "resistance_pred": {}
    }
  ],
  "Unknown50-50DR": {},
  "gmm_tb-profiler_MSE": 0.01931427109835928
}