{
  "lineage": [
    {
      "lin": "lineage4.8",
      "tb_pred": 0.7906205589767883,
      "gmm_pred_UB": 0.772534051565959,
      "gmm_pred_LB": 0.7254423195722409,
      "resistance_pred": {
        "isoniazid": 1.0,
        "ethambutol": 1.0,
        "streptomycin": 1.0
      }
    },
    {
      "lin": "lineage4.2.1",
      "tb_pred": 0.2207731718677224,
      "gmm_pred_UB": 0.2833823613477592,
      "gmm_pred_LB": 0.2340782393317359,
      "resistance_pred": {}
    }
  ],
  "Unknown50-50DR": {},
  "gmm_tb-profiler_MSE": 0.001586999058699507
}