{
  "lineage": [
    {
      "lin": "lineage3.1.1",
      "tb_pred": 0.9503916449086162,
      "gmm_pred_UB": 0.9313799106517328,
      "gmm_pred_LB": 0.8960278101264619,
      "resistance_pred": {}
    },
    {
      "lin": "lineage4",
      "tb_pred": 0.053613053613053616,
      "gmm_pred_UB": 0.424138517137698,
      "gmm_pred_LB": 0.22456189192890172,
      "resistance_pred": {}
    }
  ],
  "Unknown50-50DR": {},
  "gmm_tb-profiler_MSE": 0.03732229921068142
}