{
  "lineage": [
    {
      "lin": "lineage4.1",
      "tb_pred": 0.7701149425287356,
      "gmm_pred_UB": 0.7978201766160792,
      "gmm_pred_LB": 0.7538421916005832,
      "resistance_pred": {
        "rifampicin": 1.0
      }
    },
    {
      "lin": "lineage4.3.4.1",
      "tb_pred": 0.13829093281148075,
      "gmm_pred_UB": 0.27619977134326396,
      "gmm_pred_LB": 0.18460205873216465,
      "resistance_pred": {}
    }
  ],
  "Unknown50-50DR": {},
  "gmm_tb-profiler_MSE": 0.004258462121756678
}