{
  "lineage": [
    {
      "lin": "lineage1.1.3.2",
      "tb_pred": 0.7980085348506402,
      "gmm_pred_UB": 0.7487030608178014,
      "gmm_pred_LB": 0.6965342585960403,
      "resistance_pred": {}
    },
    {
      "lin": "lineage4.1.1.3",
      "tb_pred": 0.23076923076923078,
      "gmm_pred_UB": 0.35174265822089046,
      "gmm_pred_LB": 0.26118553784278686,
      "resistance_pred": {}
    }
  ],
  "Unknown50-50DR": {},
  "gmm_tb-profiler_MSE": 0.005706673102044707
}