{
  "lineage": [
    {
      "lin": "lineage4.3.3",
      "tb_pred": 0.5457570715474209,
      "gmm_pred_UB": 0.5413584346138337,
      "gmm_pred_LB": 0.5150642392991102,
      "resistance_pred": {}
    },
    {
      "lin": "lineage4.3.4.2.1",
      "tb_pred": 0.43907563025210083,
      "gmm_pred_UB": 0.48311678028877497,
      "gmm_pred_LB": 0.4564482379060755,
      "resistance_pred": {}
    }
  ],
  "Unknown50-50DR": {},
  "gmm_tb-profiler_MSE": 0.000625382605378728
}