{
  "lineage": [
    {
      "lin": "lineage3",
      "tb_pred": 0.7815845824411135,
      "gmm_pred_UB": 0.7933307527637428,
      "gmm_pred_LB": 0.7421602759994013,
      "resistance_pred": {}
    },
    {
      "lin": "lineage4.3.4.2.1",
      "tb_pred": 0.1810918774966711,
      "gmm_pred_UB": 0.3073128932477657,
      "gmm_pred_LB": 0.21654001795751765,
      "resistance_pred": {}
    }
  ],
  "Unknown50-50DR": {},
  "gmm_tb-profiler_MSE": 0.003362874411163438
}