{
  "lineage": [
    {
      "lin": "lineage1.1.3.2",
      "tb_pred": 0.8707482993197279,
      "gmm_pred_UB": 0.8900005776018126,
      "gmm_pred_LB": 0.8361394767731466,
      "resistance_pred": {}
    },
    {
      "lin": "lineage4.3.4.2.1",
      "tb_pred": 0.05917159763313609,
      "gmm_pred_UB": 0.2992991712798328,
      "gmm_pred_LB": 0.14019002128575436,
      "resistance_pred": {}
    }
  ],
  "Unknown50-50DR": {},
  "gmm_tb-profiler_MSE": 0.012921321879139884
}