{
  "lineage": [
    {
      "lin": "lineage1.1.3.2",
      "tb_pred": 0.9544626593806922,
      "gmm_pred_UB": 0.9358891818768998,
      "gmm_pred_LB": 0.903083387559619,
      "resistance_pred": {}
    },
    {
      "lin": "lineage4",
      "tb_pred": 0.05253623188405797,
      "gmm_pred_UB": 0.3958897204518126,
      "gmm_pred_LB": 0.1896296012248699,
      "resistance_pred": {}
    }
  ],
  "Unknown50-50DR": {},
  "gmm_tb-profiler_MSE": 0.029465321301540226
}