{
  "lineage": [
    {
      "lin": "lineage2.2.1",
      "tb_pred": 0.8877840909090909,
      "gmm_pred_UB": 0.8886770894019743,
      "gmm_pred_LB": 0.8416800382435904,
      "resistance_pred": {}
    },
    {
      "lin": "lineage4.9",
      "tb_pred": 0.09403973509933775,
      "gmm_pred_UB": 0.3507310040299664,
      "gmm_pred_LB": 0.18013603374209552,
      "resistance_pred": {}
    }
  ],
  "Unknown50-50DR": {},
  "gmm_tb-profiler_MSE": 0.014943419487784784
}