{
  "lineage": [
    {
      "lin": "lineage4.8",
      "tb_pred": 0.8193774660236738,
      "gmm_pred_UB": 0.8296303241982305,
      "gmm_pred_LB": 0.7541606596882647,
      "resistance_pred": {}
    },
    {
      "lin": "lineage4.3.3",
      "tb_pred": 0.17475728155339806,
      "gmm_pred_UB": 0.2383020568987107,
      "gmm_pred_LB": 0.181402062377315,
      "resistance_pred": {}
    }
  ],
  "Unknown50-50DR": {},
  "gmm_tb-profiler_MSE": 0.0009934511740827873
}