{
  "lineage": [
    {
      "lin": "lineage3",
      "tb_pred": 0.8500749625187406,
      "gmm_pred_UB": 0.7973938765174506,
      "gmm_pred_LB": 0.7290995698845968,
      "resistance_pred": {}
    },
    {
      "lin": "lineage4",
      "tb_pred": 0.17477203647416414,
      "gmm_pred_UB": 0.3606959950026991,
      "gmm_pred_LB": 0.24298744139592812,
      "resistance_pred": {
        "streptomycin": 1.0
      }
    }
  ],
  "Unknown50-50DR": {},
  "gmm_tb-profiler_MSE": 0.011842923578372749
}