{
  "lineage": [
    {
      "lin": "lineage4.1.1.3",
      "tb_pred": 0.8495092693565977,
      "gmm_pred_UB": 0.8459297664107265,
      "gmm_pred_LB": 0.7890243854711881,
      "resistance_pred": {
        "ofloxacin": 1.0
      }
    },
    {
      "lin": "lineage5.1.2",
      "tb_pred": 0.13077790304396844,
      "gmm_pred_UB": 0.24324329347284196,
      "gmm_pred_LB": 0.15105297063056788,
      "resistance_pred": {
        "rifampicin": 0.9999898278051916
      }
    }
  ],
  "Unknown50-50DR": {},
  "gmm_tb-profiler_MSE": 0.002715534356778189
}