{
  "lineage": [
    {
      "lin": "La1.2.BCG",
      "tb_pred": 0.49851632047477745,
      "gmm_pred_UB": 0.5417712831256369,
      "gmm_pred_LB": 0.5194234338039025,
      "resistance_pred": {
        "pyrazinamide": 0.9999403493494647
      }
    },
    {
      "lin": "lineage4",
      "tb_pred": 0.4447004608294931,
      "gmm_pred_UB": 0.4959318583937742,
      "gmm_pred_LB": 0.46889817474763607,
      "resistance_pred": {}
    }
  ],
  "Unknown50-50DR": {},
  "gmm_tb-profiler_MSE": 0.0012257903566361586
}