{
  "lineage": [
    {
      "lin": "lineage1.2.2.2",
      "tb_pred": 0.9041591320072333,
      "gmm_pred_UB": 0.9005861369538976,
      "gmm_pred_LB": 0.8434022730520639,
      "resistance_pred": {}
    },
    {
      "lin": "lineage4",
      "tb_pred": 0.07130434782608695,
      "gmm_pred_UB": 0.3426901977168834,
      "gmm_pred_LB": 0.18864721222776865,
      "resistance_pred": {}
    }
  ],
  "Unknown50-50DR": {},
  "gmm_tb-profiler_MSE": 0.019406042929029834
}