{
  "lineage": [
    {
      "lin": "lineage3.1",
      "tb_pred": 0.6507936507936508,
      "gmm_pred_UB": 0.8696921387294713,
      "gmm_pred_LB": 0.766275682802574,
      "resistance_pred": {}
    },
    {
      "lin": "lineage2.2.1",
      "tb_pred": 0.05774278215223097,
      "gmm_pred_UB": 0.2580215496366822,
      "gmm_pred_LB": 0.1183608808690825,
      "resistance_pred": {}
    }
  ],
  "Unknown50-50DR": {},
  "gmm_tb-profiler_MSE": 0.022484688364022197
}