{
  "lineage": [
    {
      "lin": "lineage4.3.3",
      "tb_pred": 0.845941468801767,
      "gmm_pred_UB": 0.8693574442626331,
      "gmm_pred_LB": 0.8189682861356695,
      "resistance_pred": {}
    },
    {
      "lin": "lineage6.2.2",
      "tb_pred": 0.07737148913619502,
      "gmm_pred_UB": 0.19263094458529567,
      "gmm_pred_LB": 0.10394670525844757,
      "resistance_pred": {}
    }
  ],
  "Unknown50-50DR": {},
  "gmm_tb-profiler_MSE": 0.002516215972856823
}