{
  "lineage": [
    {
      "lin": "lineage4.6.2.2",
      "tb_pred": 0.8472049689440994,
      "gmm_pred_UB": 0.8426627440669745,
      "gmm_pred_LB": 0.7780175040670738,
      "resistance_pred": {
        "isoniazid": 1.0,
        "pyrazinamide": 1.0,
        "ethambutol": 1.0
      }
    },
    {
      "lin": "lineage2.2.1.1",
      "tb_pred": 0.13469827586206898,
      "gmm_pred_UB": 0.2550453372659026,
      "gmm_pred_LB": 0.16927182535350194,
      "resistance_pred": {
        "ofloxacin": 1.0,
        "pyrazinamide": 1.0,
        "ethambutol": 1.0
      }
    }
  ],
  "Unknown50-50DR": {},
  "gmm_tb-profiler_MSE": 0.0036795578539257335
}