{
  "lineage": [
    {
      "lin": "lineage2.2.1",
      "tb_pred": 0.9538729329852045,
      "gmm_pred_UB": 0.940268434955403,
      "gmm_pred_LB": 0.9132949856305629,
      "resistance_pred": {
        "ethambutol": 0.9999998846965026,
        "rifampicin": 0.9999998537354957,
        "streptomycin": 0.9999998094496645,
        "ethionamide": 0.9999997418211737,
        "kanamycin": 0.9999996985917412,
        "isoniazid": 0.9999996782599176
      }
    },
    {
      "lin": "lineage4",
      "tb_pred": 0.051583710407239816,
      "gmm_pred_UB": 0.3626075041875333,
      "gmm_pred_LB": 0.18046924899706995,
      "resistance_pred": {}
    }
  ],
  "Unknown50-50DR": {},
  "gmm_tb-profiler_MSE": 0.024556994761770756
}