{
  "lineage": [
    {
      "lin": "lineage3.1.1",
      "tb_pred": 0.9190371991247265,
      "gmm_pred_UB": 0.8938184961494475,
      "gmm_pred_LB": 0.8531991114552258,
      "resistance_pred": {
        "isoniazid": 0.9999999049031373
      }
    },
    {
      "lin": "lineage4",
      "tb_pred": 0.091324200913242,
      "gmm_pred_UB": 0.3692249548394767,
      "gmm_pred_LB": 0.22133794551438846,
      "resistance_pred": {}
    }
  ],
  "Unknown50-50DR": {},
  "gmm_tb-profiler_MSE": 0.021835697153921512
}