{
  "lineage": [
    {
      "lin": "lineage4.1.1.3",
      "tb_pred": 0.8321400159108989,
      "gmm_pred_UB": 0.8284943302532494,
      "gmm_pred_LB": 0.7895892692496166,
      "resistance_pred": {
        "rifampicin": 1.0,
        "streptomycin": 1.0,
        "isoniazid": 1.0,
        "pyrazinamide": 1.0,
        "ethambutol": 1.0
      }
    },
    {
      "lin": "lineage2.2.1",
      "tb_pred": 0.15802675585284282,
      "gmm_pred_UB": 0.2375002685848189,
      "gmm_pred_LB": 0.16813935820536915,
      "resistance_pred": {}
    }
  ],
  "Unknown50-50DR": {},
  "gmm_tb-profiler_MSE": 0.001269972796866421
}