{
  "lineage": [
    {
      "lin": "lineage4.8",
      "tb_pred": 0.7817679558011049,
      "gmm_pred_UB": 0.7490388806293283,
      "gmm_pred_LB": 0.7007819764074056,
      "resistance_pred": {
        "rifampicin": 1.0,
        "isoniazid": 1.0,
        "pyrazinamide": 1.0,
        "ethambutol": 1.0
      }
    },
    {
      "lin": "lineage4.1.2.1",
      "tb_pred": 0.2327113062568606,
      "gmm_pred_UB": 0.30203245115845656,
      "gmm_pred_LB": 0.250001879224521,
      "resistance_pred": {}
    }
  ],
  "Unknown50-50DR": {},
  "gmm_tb-profiler_MSE": 0.002554087913386604
}