{
  "lineage": [
    {
      "lin": "lineage4.8",
      "tb_pred": 0.7038216560509554,
      "gmm_pred_UB": 0.691992755562106,
      "gmm_pred_LB": 0.6395983436974678,
      "resistance_pred": {}
    },
    {
      "lin": "lineage4.3.3",
      "tb_pred": 0.28641251221896386,
      "gmm_pred_UB": 0.356311655602597,
      "gmm_pred_LB": 0.3059475173653558,
      "resistance_pred": {}
    }
  ],
  "Unknown50-50DR": {},
  "gmm_tb-profiler_MSE": 0.0017228007501883368
}