{
  "lineage": [
    {
      "lin": "lineage4.8",
      "tb_pred": 0.5696055684454756,
      "gmm_pred_UB": 0.5324501498821202,
      "gmm_pred_LB": 0.5065050709214344,
      "resistance_pred": {}
    },
    {
      "lin": "lineage3",
      "tb_pred": 0.44646924829157175,
      "gmm_pred_UB": 0.4814345825945103,
      "gmm_pred_LB": 0.45971239879899745,
      "resistance_pred": {}
    }
  ],
  "Unknown50-50DR": {},
  "gmm_tb-profiler_MSE": 0.0015469133397792779
}