{
  "lineage": [
    {
      "lin": "lineage4.8",
      "tb_pred": 0.709214501510574,
      "gmm_pred_UB": 0.6893443227318049,
      "gmm_pred_LB": 0.6382402947742577,
      "resistance_pred": {}
    },
    {
      "lin": "lineage4.3.3",
      "tb_pred": 0.2833562585969739,
      "gmm_pred_UB": 0.36818296714647314,
      "gmm_pred_LB": 0.30791918617020053,
      "resistance_pred": {}
    }
  ],
  "Unknown50-50DR": {},
  "gmm_tb-profiler_MSE": 0.002527349358834478
}