{
  "lineage": [
    {
      "lin": "lineage4.3.4.1",
      "tb_pred": 0.6469979296066253,
      "gmm_pred_UB": 0.6111028250037438,
      "gmm_pred_LB": 0.5652316122447523,
      "resistance_pred": {}
    },
    {
      "lin": "lineage4.1.2.1",
      "tb_pred": 0.3685897435897436,
      "gmm_pred_UB": 0.4390806453684436,
      "gmm_pred_LB": 0.39007302797833476,
      "resistance_pred": {}
    }
  ],
  "Unknown50-50DR": {},
  "gmm_tb-profiler_MSE": 0.002787932642487942
}