{
  "lineage": [
    {
      "lin": "lineage4.3.2",
      "tb_pred": 0.8122941822173436,
      "gmm_pred_UB": 0.7928879181887805,
      "gmm_pred_LB": 0.7505884035211023,
      "resistance_pred": {}
    },
    {
      "lin": "lineage2.2.1",
      "tb_pred": 0.19471947194719472,
      "gmm_pred_UB": 0.2815772389336756,
      "gmm_pred_LB": 0.20102837936395218,
      "resistance_pred": {}
    }
  ],
  "Unknown50-50DR": {},
  "gmm_tb-profiler_MSE": 0.0019073990867936909
}