{
  "lineage": [
    {
      "lin": "lineage4.3.3",
      "tb_pred": 0.7628635346756152,
      "gmm_pred_UB": 0.7824467335826599,
      "gmm_pred_LB": 0.7045523582120956,
      "resistance_pred": {
        "streptomycin": 1.0
      }
    },
    {
      "lin": "lineage1.2.1.2.1",
      "tb_pred": 0.18823529411764706,
      "gmm_pred_UB": 0.29998662140463106,
      "gmm_pred_LB": 0.21959155809770434,
      "resistance_pred": {}
    }
  ],
  "Unknown50-50DR": {},
  "gmm_tb-profiler_MSE": 0.002747454865483672
}