{
  "lineage": [
    {
      "lin": "lineage4.3.4.2",
      "tb_pred": 0.6958579881656805,
      "gmm_pred_UB": 0.7313161828219226,
      "gmm_pred_LB": 0.6800377347708049,
      "resistance_pred": {}
    },
    {
      "lin": "lineage4.8",
      "tb_pred": 0.2442002442002442,
      "gmm_pred_UB": 0.36141568232962373,
      "gmm_pred_LB": 0.2813396715764701,
      "resistance_pred": {}
    }
  ],
  "Unknown50-50DR": {},
  "gmm_tb-profiler_MSE": 0.003026384155279804
}