{
  "lineage": [
    {
      "lin": "lineage2.2.1",
      "tb_pred": 0.9222689075630253,
      "gmm_pred_UB": 0.9142892042588229,
      "gmm_pred_LB": 0.8790017297787358,
      "resistance_pred": {
        "streptomycin": 0.9999953936445864,
        "isoniazid": 0.999993731040113
      }
    },
    {
      "lin": "lineage4",
      "tb_pred": 0.07120743034055728,
      "gmm_pred_UB": 0.3059959735202722,
      "gmm_pred_LB": 0.07090618680693872,
      "resistance_pred": {}
    }
  ],
  "Unknown50-50DR": {},
  "gmm_tb-profiler_MSE": 0.007201317064577026
}