{
  "lineage": [
    {
      "lin": "lineage4",
      "tb_pred": 0.5620655412115194,
      "gmm_pred_UB": 0.5531195718351613,
      "gmm_pred_LB": 0.5037609661583452,
      "resistance_pred": {}
    },
    {
      "lin": "lineage1.2.2.2",
      "tb_pred": 0.40169332079021636,
      "gmm_pred_UB": 0.45841586680260893,
      "gmm_pred_LB": 0.4224739572410552,
      "resistance_pred": {
        "isoniazid": 0.9999976839318061,
        "streptomycin": 0.9999714713557285
      }
    }
  ],
  "Unknown50-50DR": {},
  "gmm_tb-profiler_MSE": 0.001316172377249681
}