{
  "lineage": [
    {
      "lin": "lineage2.2.1",
      "tb_pred": 0.5116279069767442,
      "gmm_pred_UB": 0.5007071067811866,
      "gmm_pred_LB": 0.4992928932188134,
      "resistance_pred": {
        "ofloxacin": 1.0,
        "rifampicin": 1.0,
        "streptomycin": 1.0,
        "kanamycin": 1.0,
        "isoniazid": 1.0,
        "pyrazinamide": 1.0,
        "ethambutol": 1.0,
        "ethionamide": 1.0
      }
    },
    {
      "lin": "lineage3",
      "tb_pred": 0.4985279685966634,
      "gmm_pred_UB": 0.0007071067811865475,
      "gmm_pred_LB": -0.0007071067811865475,
      "resistance_pred": {}
    }
  ],
  "Unknown50-50DR": {},
  "gmm_tb-profiler_MSE": 0.1243326718468878
}