{
  "lineage": [
    {
      "lin": "lineage4.1.1",
      "tb_pred": 0.8653001464128843,
      "gmm_pred_UB": 0.8483199189387948,
      "gmm_pred_LB": 0.7539805002409593,
      "resistance_pred": {
        "rifampicin": 1.0,
        "isoniazid": 1.0
      }
    },
    {
      "lin": "lineage4.3.3",
      "tb_pred": 0.1411229135053111,
      "gmm_pred_UB": 0.24477443484328998,
      "gmm_pred_LB": 0.15552994801498604,
      "resistance_pred": {
        "streptomycin": 1.0
      }
    }
  ],
  "Unknown50-50DR": {},
  "gmm_tb-profiler_MSE": 0.0037998350233021134
}