{
  "lineage": [
    {
      "lin": "lineage3",
      "tb_pred": 0.8229398663697105,
      "gmm_pred_UB": 0.8377921278765568,
      "gmm_pred_LB": 0.7711404998425819,
      "resistance_pred": {
        "ofloxacin": 1.0,
        "rifampicin": 1.0,
        "streptomycin": 1.0,
        "isoniazid": 1.0,
        "pyrazinamide": 1.0,
        "ethambutol": 1.0
      }
    },
    {
      "lin": "lineage2.2.1",
      "tb_pred": 0.13080684596577016,
      "gmm_pred_UB": 0.25641807877188943,
      "gmm_pred_LB": 0.1608105503584119,
      "resistance_pred": {}
    }
  ],
  "Unknown50-50DR": {},
  "gmm_tb-profiler_MSE": 0.003197637156094263
}