{
  "lineage": [
    {
      "lin": "lineage4.9",
      "tb_pred": 0.7728395061728395,
      "gmm_pred_UB": 0.7553353894947336,
      "gmm_pred_LB": 0.6435836180576798,
      "resistance_pred": {}
    },
    {
      "lin": "lineage4.1.2.1",
      "tb_pred": 0.22270114942528735,
      "gmm_pred_UB": 0.3051348400452409,
      "gmm_pred_LB": 0.24155133818665858,
      "resistance_pred": {}
    }
  ],
  "Unknown50-50DR": {},
  "gmm_tb-profiler_MSE": 0.003974615403681259
}