{
  "lineage": [
    {
      "lin": "lineage1.1.2",
      "tb_pred": 0.8183760683760684,
      "gmm_pred_UB": 0.7837398081331275,
      "gmm_pred_LB": 0.737690280739556,
      "resistance_pred": {}
    },
    {
      "lin": "lineage1.2.2.2",
      "tb_pred": 0.20020855057351408,
      "gmm_pred_UB": 0.3118167979826945,
      "gmm_pred_LB": 0.2195354904905539,
      "resistance_pred": {}
    }
  ],
  "Unknown50-50DR": {},
  "gmm_tb-profiler_MSE": 0.003805399750907912
}