{
  "lineage": [
    {
      "lin": "lineage4.1.1",
      "tb_pred": 0.7997432605905006,
      "gmm_pred_UB": 0.7804161581359206,
      "gmm_pred_LB": 0.6925941471442663,
      "resistance_pred": {
        "ethambutol": 1.0
      }
    },
    {
      "lin": "lineage4.1.2.1",
      "tb_pred": 0.20621683093252463,
      "gmm_pred_UB": 0.28664948407842167,
      "gmm_pred_LB": 0.22407587386929476,
      "resistance_pred": {}
    }
  ],
  "Unknown50-50DR": {},
  "gmm_tb-profiler_MSE": 0.003207186338424603
}