{
  "lineage": [
    {
      "lin": "lineage4.3.3",
      "tb_pred": 0.7012369172216937,
      "gmm_pred_UB": 0.69170633168944,
      "gmm_pred_LB": 0.6287391710176476,
      "resistance_pred": {}
    },
    {
      "lin": "lineage2.2.1",
      "tb_pred": 0.2895467160037003,
      "gmm_pred_UB": 0.3592634117669243,
      "gmm_pred_LB": 0.3100164204141261,
      "resistance_pred": {
        "ofloxacin": 1.0,
        "rifampicin": 1.0,
        "isoniazid": 1.0,
        "pyrazinamide": 1.0,
        "ethambutol": 1.0,
        "ethionamide": 1.0,
        "kanamycin": 0.9999999999988785
      }
    }
  ],
  "Unknown50-50DR": {},
  "gmm_tb-profiler_MSE": 0.0018577792479652668
}