{
  "lineage": [
    {
      "lin": "lineage4.1.1.3",
      "tb_pred": 0.7094515752625438,
      "gmm_pred_UB": 0.6585635721800217,
      "gmm_pred_LB": 0.5912769907379724,
      "resistance_pred": {
        "ethambutol": 0.9999999989985286,
        "pyrazinamide": 0.9999999633570249,
        "streptomycin": 0.9999997397680783,
        "ethionamide": 0.9776910212785894
      }
    },
    {
      "lin": "lineage2.2.1.2",
      "tb_pred": 0.31833910034602075,
      "gmm_pred_UB": 0.3901588226981257,
      "gmm_pred_LB": 0.3412697099389513,
      "resistance_pred": {
        "isoniazid": 1.0,
        "ethambutol": 0.9999999999999996
      }
    }
  ],
  "Unknown50-50DR": {},
  "gmm_tb-profiler_MSE": 0.00469497299151257
}