{
  "lineage": [
    {
      "lin": "lineage2.2.1",
      "tb_pred": 0.9271157167530224,
      "gmm_pred_UB": 0.9207981275019267,
      "gmm_pred_LB": 0.9034126875270628,
      "resistance_pred": {}
    },
    {
      "lin": "lineage4",
      "tb_pred": 0.07240704500978473,
      "gmm_pred_UB": 0.572577646575102,
      "gmm_pred_LB": 0.153278867858476,
      "resistance_pred": {}
    }
  ],
  "Unknown50-50DR": {},
  "gmm_tb-profiler_MSE": 0.04231394206283172
}