{
  "lineage": [
    {
      "lin": "lineage2.2.1",
      "tb_pred": 0.9573934837092731,
      "gmm_pred_UB": 0.9331470152750662,
      "gmm_pred_LB": 0.9044770347296617,
      "resistance_pred": {}
    },
    {
      "lin": "lineage4",
      "tb_pred": 0.05782312925170068,
      "gmm_pred_UB": 0.3516838685283566,
      "gmm_pred_LB": 0.13037073545993233,
      "resistance_pred": {}
    }
  ],
  "Unknown50-50DR": {},
  "gmm_tb-profiler_MSE": 0.01752614893309806
}