{
  "lineage": [
    {
      "lin": "lineage2.2.1",
      "tb_pred": 0.6758893280632411,
      "gmm_pred_UB": 0.6536070509253358,
      "gmm_pred_LB": 0.5823070812415498,
      "resistance_pred": {}
    },
    {
      "lin": "lineage1.1.1.1",
      "tb_pred": 0.3100511073253833,
      "gmm_pred_UB": 0.40705713449399283,
      "gmm_pred_LB": 0.34032496716712735,
      "resistance_pred": {}
    }
  ],
  "Unknown50-50DR": {},
  "gmm_tb-profiler_MSE": 0.0037030946937190363
}