{
  "lineage": [
    {
      "lin": "lineage1.1.1.1",
      "tb_pred": 0.7256478999106345,
      "gmm_pred_UB": 0.7260507293564433,
      "gmm_pred_LB": 0.6784036593715148,
      "resistance_pred": {}
    },
    {
      "lin": "lineage2.2.1",
      "tb_pred": 0.2566295979469632,
      "gmm_pred_UB": 0.36394654075994476,
      "gmm_pred_LB": 0.2745739746916585,
      "resistance_pred": {}
    }
  ],
  "Unknown50-50DR": {},
  "gmm_tb-profiler_MSE": 0.0022355644963178724
}