{
  "lineage": [
    {
      "lin": "lineage4.1.2",
      "tb_pred": 0.8298465829846583,
      "gmm_pred_UB": 0.8188775697237919,
      "gmm_pred_LB": 0.7701864339736814,
      "resistance_pred": {}
    },
    {
      "lin": "lineage2.2.1",
      "tb_pred": 0.16800584368151936,
      "gmm_pred_UB": 0.2507350090646795,
      "gmm_pred_LB": 0.17484096183049663,
      "resistance_pred": {
        "ofloxacin": 1.0,
        "rifampicin": 1.0,
        "streptomycin": 1.0,
        "isoniazid": 1.0,
        "pyrazinamide": 1.0,
        "kanamycin": 1.0,
        "para-aminosalicylic_acid": 1.0,
        "ethambutol": 1.0
      }
    }
  ],
  "Unknown50-50DR": {},
  "gmm_tb-profiler_MSE": 0.0016262799309809351
}