{
  "lineage": [
    {
      "lin": "lineage3",
      "tb_pred": 0.9318479685452162,
      "gmm_pred_UB": 0.9183910924883478,
      "gmm_pred_LB": 0.8882863561714187,
      "resistance_pred": {}
    },
    {
      "lin": "lineage4",
      "tb_pred": 0.06983655274888559,
      "gmm_pred_UB": 0.3775721085749511,
      "gmm_pred_LB": 0.16060796668143124,
      "resistance_pred": {}
    }
  ],
  "Unknown50-50DR": {},
  "gmm_tb-profiler_MSE": 0.020257364121138575
}