{
  "lineage": [
    {
      "lin": "lineage2.2.1",
      "tb_pred": 0.8990963855421686,
      "gmm_pred_UB": 0.9161071755343635,
      "gmm_pred_LB": 0.841014177382837,
      "resistance_pred": {}
    },
    {
      "lin": "lineage4",
      "tb_pred": 0.05199698568198945,
      "gmm_pred_UB": 0.2825494430891915,
      "gmm_pred_LB": 0.10450035075486867,
      "resistance_pred": {
        "isoniazid": 0.9999999956101742,
        "streptomycin": 0.9999999949598484,
        "rifampicin": 0.9999999893590813,
        "kanamycin": 0.9999999880094949,
        "ethambutol": 0.9999998911999096,
        "ethionamide": 0.9999990315888208,
        "para-aminosalicylic_acid": 0.9999988116897651,
        "ofloxacin": 0.999991879097243
      }
    }
  ],
  "Unknown50-50DR": {},
  "gmm_tb-profiler_MSE": 0.01022593250376689
}