{
  "lineage": [
    {
      "lin": "lineage4.3.2",
      "tb_pred": 0.5670995670995671,
      "gmm_pred_UB": 0.5429294265125663,
      "gmm_pred_LB": 0.5125988845525212,
      "resistance_pred": {}
    },
    {
      "lin": "lineage4.1.2.1",
      "tb_pred": 0.43702290076335876,
      "gmm_pred_UB": 0.48356446540047715,
      "gmm_pred_LB": 0.4576653806864506,
      "resistance_pred": {}
    }
  ],
  "Unknown50-50DR": {},
  "gmm_tb-profiler_MSE": 0.0013378492820070964
}