{
  "lineage": [
    {
      "lin": "lineage4.4.1",
      "tb_pred": 0.7592732778198334,
      "gmm_pred_UB": 0.7680826245418123,
      "gmm_pred_LB": 0.7242452850291635,
      "resistance_pred": {
        "pyrazinamide": 1.0,
        "streptomycin": 1.0
      }
    },
    {
      "lin": "lineage4.1.2.1",
      "tb_pred": 0.21328671328671328,
      "gmm_pred_UB": 0.2933315203294805,
      "gmm_pred_LB": 0.23472465134458387,
      "resistance_pred": {}
    }
  ],
  "Unknown50-50DR": {},
  "gmm_tb-profiler_MSE": 0.0013732706193545399
}