{
  "lineage": [
    {
      "lin": "lineage4.1.1.3",
      "tb_pred": 0.8200934579439252,
      "gmm_pred_UB": 0.8213814270165201,
      "gmm_pred_LB": 0.7706955000503488,
      "resistance_pred": {}
    },
    {
      "lin": "lineage4.3.3",
      "tb_pred": 0.1588447653429603,
      "gmm_pred_UB": 0.26753167092960634,
      "gmm_pred_LB": 0.1743689845751857,
      "resistance_pred": {}
    }
  ],
  "Unknown50-50DR": {},
  "gmm_tb-profiler_MSE": 0.0022178718191405277
}