{
  "lineage": [
    {
      "lin": "lineage2.2.1",
      "tb_pred": 0.9509578544061302,
      "gmm_pred_UB": 0.939858869656982,
      "gmm_pred_LB": 0.9179298726647541,
      "resistance_pred": {}
    },
    {
      "lin": "lineage4",
      "tb_pred": 0.0531437125748503,
      "gmm_pred_UB": 0.38661740807904577,
      "gmm_pred_LB": 0.11057772068949578,
      "resistance_pred": {}
    }
  ],
  "Unknown50-50DR": {},
  "gmm_tb-profiler_MSE": 0.019344502740026435
}