{
  "lineage": [
    {
      "lin": "lineage4.8",
      "tb_pred": 0.6781115879828327,
      "gmm_pred_UB": 0.683499155215658,
      "gmm_pred_LB": 0.6248009977391966,
      "resistance_pred": {}
    },
    {
      "lin": "lineage5.1.1",
      "tb_pred": 0.2966700302724521,
      "gmm_pred_UB": 0.3652973740034313,
      "gmm_pred_LB": 0.3158776726514485,
      "resistance_pred": {}
    }
  ],
  "Unknown50-50DR": {},
  "gmm_tb-profiler_MSE": 0.0012514501149292888
}