{
  "lineage": [
    {
      "lin": "lineage1.1.3",
      "tb_pred": 0.7836691410392365,
      "gmm_pred_UB": 0.7767503350337575,
      "gmm_pred_LB": 0.7222432997458352,
      "resistance_pred": {}
    },
    {
      "lin": "lineage1.2.2.2",
      "tb_pred": 0.19052319842053306,
      "gmm_pred_UB": 0.3126907051078673,
      "gmm_pred_LB": 0.21832187974178857,
      "resistance_pred": {}
    }
  ],
  "Unknown50-50DR": {},
  "gmm_tb-profiler_MSE": 0.003395106045029503
}