{
  "lineage": [
    {
      "lin": "lineage4.4.1.1",
      "tb_pred": 0.7224622030237581,
      "gmm_pred_UB": 0.7053287545316259,
      "gmm_pred_LB": 0.6608906669199931,
      "resistance_pred": {
        "streptomycin": 1.0
      }
    },
    {
      "lin": "lineage4.3.2.1",
      "tb_pred": 0.2738238841978287,
      "gmm_pred_UB": 0.3333089515945745,
      "gmm_pred_LB": 0.2918129116566178,
      "resistance_pred": {}
    }
  ],
  "Unknown50-50DR": {},
  "gmm_tb-profiler_MSE": 0.0015245887467406035
}