{
  "lineage": [
    {
      "lin": "lineage4.1.1.3",
      "tb_pred": 0.4935194416749751,
      "gmm_pred_UB": 0.5079542927815491,
      "gmm_pred_LB": 0.5013990609840245,
      "resistance_pred": {}
    },
    {
      "lin": "lineage4.3.4.2.1",
      "tb_pred": 0.48886138613861385,
      "gmm_pred_UB": 0.49509028713861103,
      "gmm_pred_LB": 0.49051294776220045,
      "resistance_pred": {
        "pyrazinamide": 1.0
      }
    }
  ],
  "Unknown50-50DR": {},
  "gmm_tb-profiler_MSE": 7.000466013642972e-05
}