{
  "lineage": [
    {
      "lin": "lineage4.9",
      "tb_pred": 0.746255106672719,
      "gmm_pred_UB": 0.7190133215651541,
      "gmm_pred_LB": 0.6951519871425668,
      "resistance_pred": {
        "ofloxacin": 1.0,
        "rifampicin": 1.0,
        "linezolid": 1.0,
        "streptomycin": 1.0,
        "kanamycin": 1.0,
        "isoniazid": 1.0,
        "pyrazinamide": 1.0,
        "cycloserine": 1.0,
        "ethambutol": 1.0,
        "ethionamide": 1.0
      }
    },
    {
      "lin": "lineage2.2.2",
      "tb_pred": 0.2670837343599615,
      "gmm_pred_UB": 0.31471510345136017,
      "gmm_pred_LB": 0.2782780201925302,
      "resistance_pred": {
        "rifampicin": 1.0
      }
    }
  ],
  "Unknown50-50DR": {},
  "gmm_tb-profiler_MSE": 0.001199797719990834
}