{
  "lineage": [
    {
      "lin": "lineage2.2.1.1",
      "tb_pred": 0.8913043478260869,
      "gmm_pred_UB": 0.9096551975310266,
      "gmm_pred_LB": 0.8574615013513202,
      "resistance_pred": {
        "pyrazinamide": 1.0
      }
    },
    {
      "lin": "lineage4",
      "tb_pred": 0.08675534991324466,
      "gmm_pred_UB": 0.21852907373790362,
      "gmm_pred_LB": 0.0693029483928895,
      "resistance_pred": {}
    }
  ],
  "Unknown50-50DR": {},
  "gmm_tb-profiler_MSE": 0.0016636708371651054
}