{
  "lineage": [
    {
      "lin": "lineage1.2.2.2",
      "tb_pred": 0.5260831122900088,
      "gmm_pred_UB": 0.523190703747373,
      "gmm_pred_LB": 0.5075238483107317,
      "resistance_pred": {
        "streptomycin": 0.9999386866475127,
        "isoniazid": 0.9989893249069696
      }
    },
    {
      "lin": "lineage3",
      "tb_pred": 0.4659090909090909,
      "gmm_pred_UB": 0.4901286686458458,
      "gmm_pred_LB": 0.47536542667287285,
      "resistance_pred": {}
    }
  ],
  "Unknown50-50DR": {},
  "gmm_tb-profiler_MSE": 0.00019928017551037964
}