{
  "lineage": [
    {
      "lin": "lineage3",
      "tb_pred": 0.9040247678018576,
      "gmm_pred_UB": 0.9007079930307569,
      "gmm_pred_LB": 0.8703726473106697,
      "resistance_pred": {}
    },
    {
      "lin": "lineage4",
      "tb_pred": 0.08635394456289978,
      "gmm_pred_UB": 0.36002591141793816,
      "gmm_pred_LB": 0.2071066232170586,
      "resistance_pred": {}
    }
  ],
  "Unknown50-50DR": {},
  "gmm_tb-profiler_MSE": 0.019617187525246244
}