{
  "lineage": [
    {
      "lin": "lineage4.3.4.1",
      "tb_pred": 0.594272076372315,
      "gmm_pred_UB": 0.5889027894009222,
      "gmm_pred_LB": 0.5143846791922397,
      "resistance_pred": {}
    },
    {
      "lin": "lineage3.1.2",
      "tb_pred": 0.35585585585585583,
      "gmm_pred_UB": 0.4501735260475712,
      "gmm_pred_LB": 0.3902068241222144,
      "resistance_pred": {}
    }
  ],
  "Unknown50-50DR": {},
  "gmm_tb-profiler_MSE": 0.002978040089394719
}