{
  "lineage": [
    {
      "lin": "lineage1.1.2",
      "tb_pred": 0.9473684210526315,
      "gmm_pred_UB": 0.9218760592981341,
      "gmm_pred_LB": 0.8925665408373857,
      "resistance_pred": {}
    },
    {
      "lin": "lineage4",
      "tb_pred": 0.06911447084233262,
      "gmm_pred_UB": 0.34414883979048383,
      "gmm_pred_LB": 0.16663774084252359,
      "resistance_pred": {}
    }
  ],
  "Unknown50-50DR": {},
  "gmm_tb-profiler_MSE": 0.01815579495403237
}