{
  "lineage": [
    {
      "lin": "lineage3.1.2.1",
      "tb_pred": 0.929438982070561,
      "gmm_pred_UB": 0.9257330851880415,
      "gmm_pred_LB": 0.9034792695985633,
      "resistance_pred": {}
    },
    {
      "lin": "lineage4",
      "tb_pred": 0.06562137049941928,
      "gmm_pred_UB": 0.3749019744145208,
      "gmm_pred_LB": 0.19106341187155748,
      "resistance_pred": {
        "rifampicin": 0.9999994611082987,
        "isoniazid": 0.9999250065904509
      }
    }
  ],
  "Unknown50-50DR": {},
  "gmm_tb-profiler_MSE": 0.023732978337988757
}