{
  "lineage": [
    {
      "lin": "lineage4.4.1.1",
      "tb_pred": 0.7093023255813954,
      "gmm_pred_UB": 0.7257289055496537,
      "gmm_pred_LB": 0.6442807144491708,
      "resistance_pred": {
        "rifampicin": 0.9999999999998179
      }
    },
    {
      "lin": "lineage2.2.1",
      "tb_pred": 0.2523489932885906,
      "gmm_pred_UB": 0.32473396471919397,
      "gmm_pred_LB": 0.2704421505844435,
      "resistance_pred": {}
    }
  ],
  "Unknown50-50DR": {},
  "gmm_tb-profiler_MSE": 0.001318471103958504
}