{
  "lineage": [
    {
      "lin": "lineage4.4.1.1",
      "tb_pred": 0.8444976076555024,
      "gmm_pred_UB": 0.8203224408430145,
      "gmm_pred_LB": 0.7693043097456411,
      "resistance_pred": {
        "rifampicin": 1.0
      }
    },
    {
      "lin": "lineage2.2.1",
      "tb_pred": 0.168141592920354,
      "gmm_pred_UB": 0.25622437814167276,
      "gmm_pred_LB": 0.17383275748222113,
      "resistance_pred": {}
    }
  ],
  "Unknown50-50DR": {},
  "gmm_tb-profiler_MSE": 0.002333455679902027
}