{
  "lineage": [
    {
      "lin": "lineage3",
      "tb_pred": 0.6396039603960396,
      "gmm_pred_UB": 0.6374998610489884,
      "gmm_pred_LB": 0.5734214205124248,
      "resistance_pred": {
        "ethionamide": 0.9999999998375169,
        "streptomycin": 0.9999999670359649,
        "isoniazid": 0.7103265437526103
      }
    },
    {
      "lin": "lineage4.1.1.3",
      "tb_pred": 0.326158940397351,
      "gmm_pred_UB": 0.4507311483735757,
      "gmm_pred_LB": 0.374311988282313,
      "resistance_pred": {
        "isoniazid": 0.9999999996196607,
        "ethambutol": 0.9999123166441795,
        "ofloxacin": 0.9997082016966616,
        "pyrazinamide": 0.9990766914734406
      }
    }
  ],
  "Unknown50-50DR": {},
  "gmm_tb-profiler_MSE": 0.004312134888716443
}