{
  "lineage": [
    {
      "lin": "lineage2.2.1",
      "tb_pred": 0.9051094890510949,
      "gmm_pred_UB": 0.8896997966159166,
      "gmm_pred_LB": 0.8033605985340704,
      "resistance_pred": {}
    },
    {
      "lin": "lineage4",
      "tb_pred": 0.10526315789473684,
      "gmm_pred_UB": 0.21441921656365617,
      "gmm_pred_LB": 0.11624767016847301,
      "resistance_pred": {
        "rifampicin": 1.0,
        "streptomycin": 1.0,
        "isoniazid": 1.0,
        "pyrazinamide": 1.0,
        "ethambutol": 1.0
      }
    }
  ],
  "Unknown50-50DR": {},
  "gmm_tb-profiler_MSE": 0.0035199862932244292
}