{
  "lineage": [
    {
      "lin": "M.orygis",
      "tb_pred": 0.7255936675461742,
      "gmm_pred_UB": 0.729347039745662,
      "gmm_pred_LB": 0.6577859668775948,
      "resistance_pred": {}
    },
    {
      "lin": "lineage2.2.1",
      "tb_pred": 0.23853211009174313,
      "gmm_pred_UB": 0.34028000280602266,
      "gmm_pred_LB": 0.27023516803821657,
      "resistance_pred": {}
    }
  ],
  "Unknown50-50DR": {},
  "gmm_tb-profiler_MSE": 0.002739014153485624
}