{
  "lineage": [
    {
      "lin": "lineage2.2.1",
      "tb_pred": 0.9551115723923197,
      "gmm_pred_UB": 0.9419666884286921,
      "gmm_pred_LB": 0.9280689938755531,
      "resistance_pred": {
        "pyrazinamide": 0.9929628041733536,
        "rifampicin": 0.9887515513713354,
        "streptomycin": 0.9729170816354045,
        "ethambutol": 0.9706137372040298,
        "ofloxacin": 0.580628896770324
      }
    },
    {
      "lin": "lineage4",
      "tb_pred": 0.05273276572370228,
      "gmm_pred_UB": 0.731468589775305,
      "gmm_pred_LB": 0.3054285741209097,
      "resistance_pred": {
        "isoniazid": 0.9999998247395301
      }
    }
  ],
  "Unknown50-50DR": {},
  "gmm_tb-profiler_MSE": 0.10864748975835857
}