{
  "lineage": [
    {
      "lin": "lineage4.5",
      "tb_pred": 0.7960384389095901,
      "gmm_pred_UB": 0.7923109690898835,
      "gmm_pred_LB": 0.7630517222140705,
      "resistance_pred": {}
    },
    {
      "lin": "lineage2.2.1",
      "tb_pred": 0.20011783189316576,
      "gmm_pred_UB": 0.2460104227290332,
      "gmm_pred_LB": 0.20051156554729846,
      "resistance_pred": {
        "rifampicin": 1.0,
        "streptomycin": 1.0,
        "isoniazid": 1.0
      }
    }
  ],
  "Unknown50-50DR": {},
  "gmm_tb-profiler_MSE": 0.0004362944157835513
}