{
  "lineage": [
    {
      "lin": "lineage4.8",
      "tb_pred": 0.8678260869565217,
      "gmm_pred": 0.8800224394586942,
      "gmm_pred_UB": 0.9104723399701355,
      "gmm_pred_LB": 0.8495725389472528,
      "resistance_pred": []
    },
    {
      "lin": "lineage2.2.1",
      "tb_pred": 0.06727272727272728,
      "gmm_pred": 0.17459261422272737,
      "gmm_pred_UB": 0.22995612167332363,
      "gmm_pred_LB": 0.11922910677213111,
      "resistance_pred": []
    }
  ],
  "Unknown50-50DR": [],
  "gmm_tb-profiler_MSE": 0.005833154574659024
}