{
  "lineage": [
    {
      "lin": "lineage1.2.1.2.1",
      "tb_pred": 0.955,
      "gmm_pred": 0.894672420602333,
      "gmm_pred_UB": 0.9401391047547896,
      "gmm_pred_LB": 0.8492057364498764,
      "resistance_pred": []
    },
    {
      "lin": "lineage4",
      "tb_pred": 0.05855855855855856,
      "gmm_pred": 0.14714431338669054,
      "gmm_pred_UB": 0.18834452501778765,
      "gmm_pred_LB": 0.10594410175559343,
      "resistance_pred": []
    }
  ],
  "Unknown50-50DR": [],
  "gmm_tb-profiler_MSE": 0.005743426397225861
}