{
  "lineage": [
    {
      "lin": "lineage1.1.2",
      "tb_pred": 0.7513340448239061,
      "gmm_pred": 0.7502779644443276,
      "gmm_pred_UB": 0.7767055362340857,
      "gmm_pred_LB": 0.7238503926545695,
      "resistance_pred": []
    },
    {
      "lin": "lineage4.3.4.2.1",
      "tb_pred": 0.19662921348314608,
      "gmm_pred": 0.27756271736770016,
      "gmm_pred_UB": 0.3254608171021963,
      "gmm_pred_LB": 0.22966461763320403,
      "resistance_pred": []
    }
  ],
  "Unknown50-50DR": [],
  "gmm_tb-profiler_MSE": 0.003275673678399631
}