{
  "lineage": [
    {
      "lin": "lineage3",
      "tb_pred": 0.8603573792190602,
      "gmm_pred": 0.8476035072838157,
      "gmm_pred_UB": 0.8683980133506191,
      "gmm_pred_LB": 0.8268090012170124,
      "resistance_pred": []
    },
    {
      "lin": "M.bovis",
      "tb_pred": 0.1048906048906049,
      "gmm_pred": 0.16658030686157696,
      "gmm_pred_UB": 0.20933210432917962,
      "gmm_pred_LB": 0.1238285093939743,
      "resistance_pred": []
    }
  ],
  "Unknown50-50DR": [],
  "gmm_tb-profiler_MSE": 0.0019841402893039854
}