{
  "lineage": [
    {
      "lin": "lineage2.2.1",
      "tb_pred": 0.9341040462427745,
      "gmm_pred": 0.9156113112895932,
      "gmm_pred_UB": 0.9282116500897388,
      "gmm_pred_LB": 0.9030109724894475,
      "resistance_pred": []
    },
    {
      "lin": "lineage4",
      "tb_pred": 0.06263048016701461,
      "gmm_pred": 0.5248120904289064,
      "gmm_pred_UB": 0.7112122924741553,
      "gmm_pred_LB": 0.33841188838365754,
      "resistance_pred": []
    }
  ],
  "Unknown50-50DR": [],
  "gmm_tb-profiler_MSE": 0.10697691105516194
}