{
  "lineage": [
    {
      "lin": "lineage1.1.3.2",
      "tb_pred": 0.5670498084291188,
      "gmm_pred": 0.5196976964312051,
      "gmm_pred_UB": 0.5314514064694498,
      "gmm_pred_LB": 0.5079439863929605,
      "resistance_pred": []
    },
    {
      "lin": "lineage4.1.2.1",
      "tb_pred": 0.4543761638733706,
      "gmm_pred": 0.47888632554978017,
      "gmm_pred_UB": 0.4889413663423981,
      "gmm_pred_LB": 0.46883128475716224,
      "resistance_pred": []
    }
  ],
  "Unknown50-50DR": [],
  "gmm_tb-profiler_MSE": 0.001421485268033348
}