{
  "lineage": [
    {
      "lin": "lineage1.1.3.2",
      "tb_pred": 0.8333333333333334,
      "gmm_pred": 0.8096094886562754,
      "gmm_pred_UB": 0.8504996462590534,
      "gmm_pred_LB": 0.7687193310534973,
      "resistance_pred": []
    },
    {
      "lin": "lineage4.3.4.2.1",
      "tb_pred": 0.09667673716012085,
      "gmm_pred": 0.2669251649460275,
      "gmm_pred_UB": 0.3675648824813468,
      "gmm_pred_LB": 0.16628544741070828,
      "resistance_pred": []
    }
  ],
  "Unknown50-50DR": [],
  "gmm_tb-profiler_MSE": 0.014773673984917128
}