{
  "lineage": [
    {
      "lin": "lineage4.3.4.2.1",
      "tb_pred": 0.7972136222910217,
      "gmm_pred": 0.7711844011180679,
      "gmm_pred_UB": 0.8119263749437453,
      "gmm_pred_LB": 0.7304424272923904,
      "resistance_pred": []
    },
    {
      "lin": "lineage1.1.2",
      "tb_pred": 0.05300859598853868,
      "gmm_pred": 0.15810084375173822,
      "gmm_pred_UB": 0.20806491751291212,
      "gmm_pred_LB": 0.10813676999056432,
      "resistance_pred": []
    }
  ],
  "Unknown50-50DR": [],
  "gmm_tb-profiler_MSE": 0.005860950447396132
}