{
  "lineage": [
    {
      "lin": "lineage2.2.1",
      "tb_pred": 0.9081163859111792,
      "gmm_pred": 0.9020423539834429,
      "gmm_pred_UB": 0.9253354634760659,
      "gmm_pred_LB": 0.8787492444908199,
      "resistance_pred": []
    },
    {
      "lin": "lineage4",
      "tb_pred": 0.05529225908372828,
      "gmm_pred": 0.2759874365003874,
      "gmm_pred_UB": 0.3505297296993769,
      "gmm_pred_LB": 0.20144514330139784,
      "resistance_pred": []
    }
  ],
  "Unknown50-50DR": [],
  "gmm_tb-profiler_MSE": 0.024371627599414896
}