{
  "lineage": [
    {
      "lin": "lineage1.1.3.2",
      "tb_pred": 0.7980085348506402,
      "gmm_pred": 0.7234369454524973,
      "gmm_pred_UB": 0.7496517644966809,
      "gmm_pred_LB": 0.6972221264083136,
      "resistance_pred": []
    },
    {
      "lin": "lineage4.1.1.3",
      "tb_pred": 0.23076923076923078,
      "gmm_pred": 0.30702274537834506,
      "gmm_pred_UB": 0.3522318986449898,
      "gmm_pred_LB": 0.2618135921117003,
      "resistance_pred": []
    }
  ],
  "Unknown50-50DR": [],
  "gmm_tb-profiler_MSE": 0.0056877602178038115
}