{
  "lineage": [
    {
      "lin": "lineage4.3.2.1",
      "tb_pred": 0.7451984635083226,
      "gmm_pred": 0.727777537913692,
      "gmm_pred_UB": 0.7516320831643122,
      "gmm_pred_LB": 0.7039229926630719,
      "resistance_pred": []
    },
    {
      "lin": "lineage2.2.1.1",
      "tb_pred": 0.22598870056497175,
      "gmm_pred": 0.28165597179004614,
      "gmm_pred_UB": 0.3133574631851795,
      "gmm_pred_LB": 0.24995448039491278,
      "resistance_pred": []
    }
  ],
  "Unknown50-50DR": [],
  "gmm_tb-profiler_MSE": 0.0017011668671098256
}