{
  "lineage": [
    {
      "lin": "lineage1.1.2",
      "tb_pred": 0.6842723004694836,
      "gmm_pred": 0.6133151094749445,
      "gmm_pred_UB": 0.6414060074282648,
      "gmm_pred_LB": 0.5852242115216242,
      "resistance_pred": []
    },
    {
      "lin": "lineage1.1.3.2",
      "tb_pred": 0.33550065019505854,
      "gmm_pred": 0.3780841672707932,
      "gmm_pred_UB": 0.4020510940332991,
      "gmm_pred_LB": 0.3541172405082873,
      "resistance_pred": []
    }
  ],
  "Unknown50-50DR": [],
  "gmm_tb-profiler_MSE": 0.0034241394401874443
}