{
  "lineage": [
    {
      "lin": "lineage1.1.3.2",
      "tb_pred": 0.8410041841004184,
      "gmm_pred": 0.816814343599759,
      "gmm_pred_UB": 0.83892281046302,
      "gmm_pred_LB": 0.7947058767364981,
      "resistance_pred": []
    },
    {
      "lin": "lineage4.1.2",
      "tb_pred": 0.14380825565912117,
      "gmm_pred": 0.25635573621872565,
      "gmm_pred_UB": 0.32045057093773793,
      "gmm_pred_LB": 0.19226090149971337,
      "resistance_pred": []
    }
  ],
  "Unknown50-50DR": [],
  "gmm_tb-profiler_MSE": 0.006626041881880945
}