{
  "lineage": [
    {
      "lin": "lineage4.1.1.3",
      "tb_pred": 0.7942238267148014,
      "gmm_pred": 0.7536025885109372,
      "gmm_pred_UB": 0.7859307040648875,
      "gmm_pred_LB": 0.7212744729569869,
      "resistance_pred": []
    },
    {
      "lin": "lineage4.3.4.2.1",
      "tb_pred": 0.1792452830188679,
      "gmm_pred": 0.2857169371966697,
      "gmm_pred_UB": 0.34903100973981327,
      "gmm_pred_LB": 0.2224028646535261,
      "resistance_pred": []
    }
  ],
  "Unknown50-50DR": [],
  "gmm_tb-profiler_MSE": 0.006493149068286246
}