{
  "lineage": [
    {
      "lin": "lineage4.3.4.2.1",
      "tb_pred": 0.6666666666666666,
      "gmm_pred": 0.5530901491457858,
      "gmm_pred_UB": 0.5839407982475427,
      "gmm_pred_LB": 0.5222395000440289,
      "resistance_pred": []
    },
    {
      "lin": "lineage1.1.3.2",
      "tb_pred": 0.38003220611916266,
      "gmm_pred": 0.42146594975339796,
      "gmm_pred_UB": 0.4411335936178352,
      "gmm_pred_LB": 0.4017983058889607,
      "resistance_pred": []
    }
  ],
  "Unknown50-50DR": [],
  "gmm_tb-profiler_MSE": 0.007308190221859242
}