{
  "lineage": [
    {
      "lin": "lineage3.1.1",
      "tb_pred": 0.881729920564872,
      "gmm_pred": 0.9006105063092925,
      "gmm_pred_UB": 0.9181576108232403,
      "gmm_pred_LB": 0.8830634017953447,
      "resistance_pred": []
    },
    {
      "lin": "lineage4.3.4",
      "tb_pred": 0.0587467362924282,
      "gmm_pred": 0.21602334084140276,
      "gmm_pred_UB": 0.29399141319081157,
      "gmm_pred_LB": 0.13805526849199398,
      "resistance_pred": []
    }
  ],
  "Unknown50-50DR": [],
  "gmm_tb-profiler_MSE": 0.012546203428253473
}