{
  "lineage": [
    {
      "lin": "lineage1.1.3.2",
      "tb_pred": 0.9084380610412927,
      "gmm_pred": 0.8892815541408308,
      "gmm_pred_UB": 0.9080723621624692,
      "gmm_pred_LB": 0.8704907461191923,
      "resistance_pred": []
    },
    {
      "lin": "lineage4",
      "tb_pred": 0.07744107744107744,
      "gmm_pred": 0.3114439338194021,
      "gmm_pred_UB": 0.4074293177889727,
      "gmm_pred_LB": 0.21545854984983154,
      "resistance_pred": []
    }
  ],
  "Unknown50-50DR": [],
  "gmm_tb-profiler_MSE": 0.027562154274921147
}