{
  "lineage": [
    {
      "lin": "lineage1.1.3.2",
      "tb_pred": 0.9381868131868132,
      "gmm_pred": 0.9166113432774055,
      "gmm_pred_UB": 0.9308388261272329,
      "gmm_pred_LB": 0.902383860427578,
      "resistance_pred": []
    },
    {
      "lin": "lineage4",
      "tb_pred": 0.06004618937644342,
      "gmm_pred": 0.2704770280312597,
      "gmm_pred_UB": 0.3629841674535864,
      "gmm_pred_LB": 0.17796988860893304,
      "resistance_pred": []
    }
  ],
  "Unknown50-50DR": [],
  "gmm_tb-profiler_MSE": 0.02237331937939055
}