{
  "lineage": [
    {
      "lin": "lineage3",
      "tb_pred": 0.8957169459962756,
      "gmm_pred": 0.8600491879950956,
      "gmm_pred_UB": 0.8729467542293899,
      "gmm_pred_LB": 0.8471516217608012,
      "resistance_pred": []
    },
    {
      "lin": "lineage4",
      "tb_pred": 0.11594202898550725,
      "gmm_pred": 0.3545651231468324,
      "gmm_pred_UB": 0.4989170089185201,
      "gmm_pred_LB": 0.21021323737514472,
      "resistance_pred": []
    }
  ],
  "Unknown50-50DR": [],
  "gmm_tb-profiler_MSE": 0.029106585013977698
}