{
  "lineage": [
    {
      "lin": "lineage3",
      "tb_pred": 0.8472834067547724,
      "gmm_pred": 0.8217552236405369,
      "gmm_pred_UB": 0.8622934827413663,
      "gmm_pred_LB": 0.7812169645397075,
      "resistance_pred": []
    },
    {
      "lin": "lineage1.1.2",
      "tb_pred": 0.06470588235294118,
      "gmm_pred": 0.19110105288240722,
      "gmm_pred_UB": 0.24359906599655046,
      "gmm_pred_LB": 0.138603039768264,
      "resistance_pred": []
    }
  ],
  "Unknown50-50DR": [],
  "gmm_tb-profiler_MSE": 0.00831371363314337
}