{
  "lineage": [
    {
      "lin": "lineage1.2.2.2",
      "tb_pred": 0.9041591320072333,
      "gmm_pred": 0.8719942050029806,
      "gmm_pred_UB": 0.9005861369538974,
      "gmm_pred_LB": 0.8434022730520638,
      "resistance_pred": []
    },
    {
      "lin": "lineage4",
      "tb_pred": 0.07130434782608695,
      "gmm_pred": 0.265668704972326,
      "gmm_pred_UB": 0.34269019771688336,
      "gmm_pred_LB": 0.18864721222776862,
      "resistance_pred": []
    }
  ],
  "Unknown50-50DR": [],
  "gmm_tb-profiler_MSE": 0.019406042929029827
}