{
  "lineage": [
    {
      "lin": "lineage4.8",
      "tb_pred": 0.8454452405322416,
      "gmm_pred": 0.7761860319000001,
      "gmm_pred_UB": 0.8089564933058245,
      "gmm_pred_LB": 0.7434155704941757,
      "resistance_pred": []
    },
    {
      "lin": "lineage4.1.2.1",
      "tb_pred": 0.18136769078295342,
      "gmm_pred": 0.22200942385701702,
      "gmm_pred_UB": 0.2521133919449259,
      "gmm_pred_LB": 0.19190545576910817,
      "resistance_pred": []
    }
  ],
  "Unknown50-50DR": [],
  "gmm_tb-profiler_MSE": 0.0032242942238138914
}