{
  "lineage": [
    {
      "lin": "lineage1.2.2.1",
      "tb_pred": 0.9347079037800687,
      "gmm_pred": 0.910666384398738,
      "gmm_pred_UB": 0.9290307996065402,
      "gmm_pred_LB": 0.8923019691909359,
      "resistance_pred": []
    },
    {
      "lin": "lineage4",
      "tb_pred": 0.0581270182992465,
      "gmm_pred": 0.2561348825121756,
      "gmm_pred_UB": 0.3266089866338005,
      "gmm_pred_LB": 0.18566077839055067,
      "resistance_pred": []
    }
  ],
  "Unknown50-50DR": [],
  "gmm_tb-profiler_MSE": 0.019892554472164335
}