{
  "lineage": [
    {
      "lin": "lineage3",
      "tb_pred": 0.7818287037037037,
      "gmm_pred": 0.7490353454366165,
      "gmm_pred_UB": 0.7715274722249484,
      "gmm_pred_LB": 0.7265432186482846,
      "resistance_pred": []
    },
    {
      "lin": "lineage4.1.1.3",
      "tb_pred": 0.21955719557195572,
      "gmm_pred": 0.2528276989151075,
      "gmm_pred_UB": 0.28139478053786515,
      "gmm_pred_LB": 0.2242606172923498,
      "resistance_pred": []
    }
  ],
  "Unknown50-50DR": [],
  "gmm_tb-profiler_MSE": 0.001091165369570104
}