{
  "lineage": [
    {
      "lin": "lineage3.1.1",
      "tb_pred": 0.9253945480631277,
      "gmm_pred": 0.9006314349641218,
      "gmm_pred_UB": 0.9171373217430543,
      "gmm_pred_LB": 0.8841255481851893,
      "resistance_pred": []
    },
    {
      "lin": "lineage4",
      "tb_pred": 0.07095046854082998,
      "gmm_pred": 0.28245084049238217,
      "gmm_pred_UB": 0.3613077638051604,
      "gmm_pred_LB": 0.20359391717960396,
      "resistance_pred": []
    }
  ],
  "Unknown50-50DR": [],
  "gmm_tb-profiler_MSE": 0.02267280955299954
}