{
  "lineage": [
    {
      "lin": "lineage1.1.3.2",
      "tb_pred": 0.9544626593806922,
      "gmm_pred": 0.9194862847182588,
      "gmm_pred_UB": 0.9358891818768992,
      "gmm_pred_LB": 0.9030833875596184,
      "resistance_pred": []
    },
    {
      "lin": "lineage4",
      "tb_pred": 0.05253623188405797,
      "gmm_pred": 0.29275966083834104,
      "gmm_pred_UB": 0.3958897204518122,
      "gmm_pred_LB": 0.18962960122486988,
      "resistance_pred": []
    }
  ],
  "Unknown50-50DR": [],
  "gmm_tb-profiler_MSE": 0.029465321301540198
}