{
  "lineage": [
    {
      "lin": "lineage4.3.3",
      "tb_pred": 0.6715976331360947,
      "gmm_pred": 0.6445533872143008,
      "gmm_pred_UB": 0.6900549617406162,
      "gmm_pred_LB": 0.5990518126879854,
      "resistance_pred": []
    },
    {
      "lin": "lineage4.3.4.2",
      "tb_pred": 0.2608695652173913,
      "gmm_pred": 0.32727404374532004,
      "gmm_pred_UB": 0.3603964966366697,
      "gmm_pred_LB": 0.29415159085397036,
      "resistance_pred": []
    }
  ],
  "Unknown50-50DR": [],
  "gmm_tb-profiler_MSE": 0.0025704730030223074
}