{
  "lineage": [
    {
      "lin": "lineage2.2.1",
      "tb_pred": 0.6586206896551724,
      "gmm_pred": 0.5486675492268854,
      "gmm_pred_UB": 0.5758665523128325,
      "gmm_pred_LB": 0.5214685461409384,
      "resistance_pred": []
    },
    {
      "lin": "lineage3",
      "tb_pred": 0.3905325443786982,
      "gmm_pred": 0.44046010303504746,
      "gmm_pred_UB": 0.4638177910828078,
      "gmm_pred_LB": 0.4171024149872871,
      "resistance_pred": []
    }
  ],
  "Unknown50-50DR": [],
  "gmm_tb-profiler_MSE": 0.007291227101712893
}