{
  "lineage": [
    {
      "lin": "lineage4.8",
      "tb_pred": 0.834319526627219,
      "gmm_pred": 0.7498531332482584,
      "gmm_pred_UB": 0.7811492178816869,
      "gmm_pred_LB": 0.7185570486148299,
      "resistance_pred": []
    },
    {
      "lin": "lineage4.6.2.2",
      "tb_pred": 0.2,
      "gmm_pred": 0.2563943941436098,
      "gmm_pred_UB": 0.2969533966235406,
      "gmm_pred_LB": 0.21583539166367904,
      "resistance_pred": []
    }
  ],
  "Unknown50-50DR": [],
  "gmm_tb-profiler_MSE": 0.005157449650637062
}