{
  "lineage": [
    {
      "lin": "lineage1.1.3.1",
      "tb_pred": 0.6810344827586207,
      "gmm_pred": 0.6219963554602495,
      "gmm_pred_UB": 0.6503739404753484,
      "gmm_pred_LB": 0.5936187704451505,
      "resistance_pred": []
    },
    {
      "lin": "lineage3",
      "tb_pred": 0.3266078184110971,
      "gmm_pred": 0.3865147689810171,
      "gmm_pred_UB": 0.4196353568027146,
      "gmm_pred_LB": 0.35339418115931964,
      "resistance_pred": []
    }
  ],
  "Unknown50-50DR": [],
  "gmm_tb-profiler_MSE": 0.003537171600742762
}