{
  "lineage": [
    {
      "lin": "lineage4.5",
      "tb_pred": 0.8483221476510067,
      "gmm_pred": 0.8370773026093838,
      "gmm_pred_UB": 0.8601228064032493,
      "gmm_pred_LB": 0.8140317988155183,
      "resistance_pred": []
    },
    {
      "lin": "lineage4.3.3",
      "tb_pred": 0.11778563015312132,
      "gmm_pred": 0.19268715015176963,
      "gmm_pred_UB": 0.24844240257336742,
      "gmm_pred_LB": 0.13693189773017184,
      "resistance_pred": []
    }
  ],
  "Unknown50-50DR": [],
  "gmm_tb-profiler_MSE": 0.0028683421190590103
}