{
  "lineage": [
    {
      "lin": "lineage1.1.1.1",
      "tb_pred": 0.7256478999106345,
      "gmm_pred": 0.7022271943639792,
      "gmm_pred_UB": 0.7260507293564434,
      "gmm_pred_LB": 0.6784036593715149,
      "resistance_pred": []
    },
    {
      "lin": "lineage2.2.1",
      "tb_pred": 0.2566295979469632,
      "gmm_pred": 0.3192602577258016,
      "gmm_pred_UB": 0.3639465407599447,
      "gmm_pred_LB": 0.27457397469165845,
      "resistance_pred": []
    }
  ],
  "Unknown50-50DR": [],
  "gmm_tb-profiler_MSE": 0.0022355644963178664
}