{
  "lineage": [
    {
      "lin": "lineage2.2.1",
      "tb_pred": 0.9354005167958657,
      "gmm_pred": 0.9191163664098936,
      "gmm_pred_UB": 0.9282211673711898,
      "gmm_pred_LB": 0.9100115654485974,
      "resistance_pred": []
    },
    {
      "lin": "lineage4",
      "tb_pred": 0.06644790812141099,
      "gmm_pred": 0.34508312752614,
      "gmm_pred_UB": 0.5248928614545139,
      "gmm_pred_LB": 0.16527339359776622,
      "resistance_pred": []
    }
  ],
  "Unknown50-50DR": [],
  "gmm_tb-profiler_MSE": 0.03895137952325722
}