{
  "lineage": [
    {
      "lin": "lineage3",
      "tb_pred": 0.7337770382695508,
      "gmm_pred": 0.6979885606818756,
      "gmm_pred_UB": 0.7325454840208366,
      "gmm_pred_LB": 0.6634316373429147,
      "resistance_pred": []
    },
    {
      "lin": "lineage4.1.2.1",
      "tb_pred": 0.23961661341853036,
      "gmm_pred": 0.31729373184666637,
      "gmm_pred_UB": 0.36202804209310746,
      "gmm_pred_LB": 0.2725594216002253,
      "resistance_pred": []
    }
  ],
  "Unknown50-50DR": [],
  "gmm_tb-profiler_MSE": 0.003657274927671096
}