{
  "lineage": [
    {
      "lin": "lineage1.1.1.1",
      "tb_pred": 0.797752808988764,
      "gmm_pred": 0.7547675294082172,
      "gmm_pred_UB": 0.7871664808686972,
      "gmm_pred_LB": 0.7223685779477372,
      "resistance_pred": []
    },
    {
      "lin": "lineage2.2.1",
      "tb_pred": 0.18840579710144928,
      "gmm_pred": 0.26642564799044677,
      "gmm_pred_UB": 0.32019776678603995,
      "gmm_pred_LB": 0.21265352919485356,
      "resistance_pred": []
    }
  ],
  "Unknown50-50DR": [],
  "gmm_tb-profiler_MSE": 0.003967415696679587
}