{
  "lineage": [
    {
      "lin": "lineage4.4.2",
      "tb_pred": 0.7582781456953642,
      "gmm_pred": 0.6813494241509194,
      "gmm_pred_UB": 0.7183587429675123,
      "gmm_pred_LB": 0.6443401053343264,
      "resistance_pred": []
    },
    {
      "lin": "lineage1.1.1.1",
      "tb_pred": 0.2559171597633136,
      "gmm_pred": 0.31724712897633045,
      "gmm_pred_UB": 0.3527445979825653,
      "gmm_pred_LB": 0.2817496599700956,
      "resistance_pred": []
    }
  ],
  "Unknown50-50DR": [],
  "gmm_tb-profiler_MSE": 0.0048396966610661655
}