{
  "lineage": [
    {
      "lin": "lineage1.1.2",
      "tb_pred": 0.713302752293578,
      "gmm_pred": 0.6913618088512183,
      "gmm_pred_UB": 0.7197314658352549,
      "gmm_pred_LB": 0.6629921518671817,
      "resistance_pred": []
    },
    {
      "lin": "lineage2.2.1",
      "tb_pred": 0.2550655542312277,
      "gmm_pred": 0.3150683374419261,
      "gmm_pred_UB": 0.34622692904602514,
      "gmm_pred_LB": 0.283909745837827,
      "resistance_pred": []
    }
  ],
  "Unknown50-50DR": [],
  "gmm_tb-profiler_MSE": 0.0020408694960854477
}