{
  "lineage": [
    {
      "lin": "lineage4.8",
      "tb_pred": 0.8421052631578947,
      "gmm_pred": 0.7729916301325216,
      "gmm_pred_UB": 0.8150126583352616,
      "gmm_pred_LB": 0.7309706019297816,
      "resistance_pred": []
    },
    {
      "lin": "lineage3",
      "tb_pred": 0.16,
      "gmm_pred": 0.22960764585380736,
      "gmm_pred_UB": 0.2720531025914376,
      "gmm_pred_LB": 0.1871621891161771,
      "resistance_pred": []
    }
  ],
  "Unknown50-50DR": [],
  "gmm_tb-profiler_MSE": 0.004810959315637504
}