{
  "lineage": [
    {
      "lin": "lineage3",
      "tb_pred": 0.9459119496855346,
      "gmm_pred": 0.9252608070633228,
      "gmm_pred_UB": 0.9354748195389109,
      "gmm_pred_LB": 0.9150467945877347,
      "resistance_pred": []
    },
    {
      "lin": "lineage4",
      "tb_pred": 0.05791505791505792,
      "gmm_pred": 0.2748532117251375,
      "gmm_pred_UB": 0.40036646403445386,
      "gmm_pred_LB": 0.1493399594158211,
      "resistance_pred": []
    }
  ],
  "Unknown50-50DR": [],
  "gmm_tb-profiler_MSE": 0.02374431613506434
}