{
  "lineage": [
    {
      "lin": "lineage1.1.2",
      "tb_pred": 0.8461538461538461,
      "gmm_pred": 0.8196285198256967,
      "gmm_pred_UB": 0.8498453065822965,
      "gmm_pred_LB": 0.789411733069097,
      "resistance_pred": []
    },
    {
      "lin": "lineage1.2.2.2",
      "tb_pred": 0.12937062937062938,
      "gmm_pred": 0.21087107466359636,
      "gmm_pred_UB": 0.26162718501001,
      "gmm_pred_LB": 0.16011496431718275,
      "resistance_pred": []
    }
  ],
  "Unknown50-50DR": [],
  "gmm_tb-profiler_MSE": 0.0036729577598833604
}