{
  "lineage": [
    {
      "lin": "lineage4.3.3",
      "tb_pred": 0.8610354223433242,
      "gmm_pred": 0.7422378205650434,
      "gmm_pred_UB": 0.8205183683839562,
      "gmm_pred_LB": 0.6639572727461306,
      "resistance_pred": []
    },
    {
      "lin": "lineage3",
      "tb_pred": 0.1488095238095238,
      "gmm_pred": 0.22226689847008294,
      "gmm_pred_UB": 0.2642748239761702,
      "gmm_pred_LB": 0.1802589729639957,
      "resistance_pred": []
    }
  ],
  "Unknown50-50DR": [],
  "gmm_tb-profiler_MSE": 0.009754428040146371
}