{
  "lineage": [
    {
      "lin": "lineage1.1.2",
      "tb_pred": 0.7490706319702602,
      "gmm_pred": 0.731291272435448,
      "gmm_pred_UB": 0.7605943536345078,
      "gmm_pred_LB": 0.7019881912363882,
      "resistance_pred": []
    },
    {
      "lin": "lineage4.1.2",
      "tb_pred": 0.2148014440433213,
      "gmm_pred": 0.2972187589578193,
      "gmm_pred_UB": 0.34922239651677256,
      "gmm_pred_LB": 0.24521512139886603,
      "resistance_pred": []
    }
  ],
  "Unknown50-50DR": [],
  "gmm_tb-profiler_MSE": 0.0035543597115918263
}