{
  "lineage": [
    {
      "lin": "lineage4.8",
      "tb_pred": 0.7357594936708861,
      "gmm_pred": 0.6828016239996388,
      "gmm_pred_UB": 0.7519937894065418,
      "gmm_pred_LB": 0.6136094585927359,
      "resistance_pred": []
    },
    {
      "lin": "lineage2.2.1",
      "tb_pred": 0.2514641288433382,
      "gmm_pred": 0.27578427263948607,
      "gmm_pred_UB": 0.2894007351507208,
      "gmm_pred_LB": 0.26216781012825136,
      "resistance_pred": []
    }
  ],
  "Unknown50-50DR": [],
  "gmm_tb-profiler_MSE": 0.001698002677191061
}