{
  "lineage": [
    {
      "lin": "lineage1.2.2.2",
      "tb_pred": 0.9549033643521833,
      "gmm_pred": 0.925305188761063,
      "gmm_pred_UB": 0.9386332374702044,
      "gmm_pred_LB": 0.9119771400519217,
      "resistance_pred": []
    },
    {
      "lin": "lineage4",
      "tb_pred": 0.054878048780487805,
      "gmm_pred": 0.1603738284225237,
      "gmm_pred_UB": 0.21917465463216995,
      "gmm_pred_LB": 0.10157300221287745,
      "resistance_pred": []
    }
  ],
  "Unknown50-50DR": [],
  "gmm_tb-profiler_MSE": 0.006002705760301891
}