{
  "lineage": [
    {
      "lin": "lineage4.1.1.3",
      "tb_pred": 0.8200934579439252,
      "gmm_pred": 0.7960384635334343,
      "gmm_pred_UB": 0.82138142701652,
      "gmm_pred_LB": 0.7706955000503487,
      "resistance_pred": []
    },
    {
      "lin": "lineage4.3.3",
      "tb_pred": 0.1588447653429603,
      "gmm_pred": 0.22095032775239595,
      "gmm_pred_UB": 0.2675316709296063,
      "gmm_pred_LB": 0.17436898457518565,
      "resistance_pred": []
    }
  ],
  "Unknown50-50DR": [],
  "gmm_tb-profiler_MSE": 0.002217871819140527
}