{
  "lineage": [
    {
      "lin": "lineage1.1.3",
      "tb_pred": 0.7836691410392365,
      "gmm_pred": 0.7494968173897963,
      "gmm_pred_UB": 0.7767503350337575,
      "gmm_pred_LB": 0.7222432997458352,
      "resistance_pred": []
    },
    {
      "lin": "lineage1.2.2.2",
      "tb_pred": 0.19052319842053306,
      "gmm_pred": 0.26550629242482787,
      "gmm_pred_UB": 0.31269070510786723,
      "gmm_pred_LB": 0.21832187974178852,
      "resistance_pred": []
    }
  ],
  "Unknown50-50DR": [],
  "gmm_tb-profiler_MSE": 0.0033951060450294985
}