{
  "lineage": [
    {
      "lin": "lineage1.1.1",
      "tb_pred": 0.7009102730819246,
      "gmm_pred": 0.6304171055071763,
      "gmm_pred_UB": 0.6617462874207266,
      "gmm_pred_LB": 0.5990879235936261,
      "resistance_pred": []
    },
    {
      "lin": "lineage1.1.3.3",
      "tb_pred": 0.31533477321814257,
      "gmm_pred": 0.36543070134321143,
      "gmm_pred_UB": 0.3951874560164454,
      "gmm_pred_LB": 0.33567394666997746,
      "resistance_pred": []
    }
  ],
  "Unknown50-50DR": [],
  "gmm_tb-profiler_MSE": 0.003739444344716799
}