{
  "lineage": [
    {
      "lin": "lineage2.2.1",
      "tb_pred": 0.6786050895381716,
      "gmm_pred": 0.631877721894346,
      "gmm_pred_UB": 0.650269100052742,
      "gmm_pred_LB": 0.61348634373595,
      "resistance_pred": []
    },
    {
      "lin": "lineage4.5",
      "tb_pred": 0.33451957295373663,
      "gmm_pred": 0.3953003190246841,
      "gmm_pred_UB": 0.4375820888473737,
      "gmm_pred_LB": 0.3530185492019945,
      "resistance_pred": []
    }
  ],
  "Unknown50-50DR": [],
  "gmm_tb-profiler_MSE": 0.002938872989931116
}