{
  "lineage": [
    {
      "lin": "lineage5.1.1",
      "tb_pred": 0.6196150320806599,
      "gmm_pred": 0.5973815832991902,
      "gmm_pred_UB": 0.6695141840747751,
      "gmm_pred_LB": 0.5252489825236053,
      "resistance_pred": []
    },
    {
      "lin": "lineage5.1.2",
      "tb_pred": 0.19866920152091255,
      "gmm_pred": 0.24888283043366088,
      "gmm_pred_UB": 0.276522774903013,
      "gmm_pred_LB": 0.22124288596430874,
      "resistance_pred": []
    }
  ],
  "Unknown50-50DR": [],
  "gmm_tb-profiler_MSE": 0.001507867386652716
}