{
  "lineage": [
    {
      "lin": "lineage4.3.2.1",
      "tb_pred": 0.7388949079089924,
      "gmm_pred": 0.6696023863432616,
      "gmm_pred_UB": 0.7317458004299563,
      "gmm_pred_LB": 0.607458972256567,
      "resistance_pred": []
    },
    {
      "lin": "lineage2.2.1",
      "tb_pred": 0.2513842746400886,
      "gmm_pred": 0.29100966171447984,
      "gmm_pred_UB": 0.3129499184426305,
      "gmm_pred_LB": 0.2690694049863292,
      "resistance_pred": []
    }
  ],
  "Unknown50-50DR": [],
  "gmm_tb-profiler_MSE": 0.0031858124228662955
}