{
  "lineage": [
    {
      "lin": "lineage2.2.1.1",
      "tb_pred": 0.933058702368692,
      "gmm_pred": 0.8935958180476872,
      "gmm_pred_UB": 0.9068766502374065,
      "gmm_pred_LB": 0.8803149858579679,
      "resistance_pred": []
    },
    {
      "lin": "lineage4",
      "tb_pred": 0.08399710354815351,
      "gmm_pred": 0.17211341307305064,
      "gmm_pred_UB": 0.27441612133662097,
      "gmm_pred_LB": 0.06981070480948032,
      "resistance_pred": []
    }
  ],
  "Unknown50-50DR": [],
  "gmm_tb-profiler_MSE": 0.0046609016216102445
}