{
  "lineage": [
    {
      "lin": "lineage2.2.1",
      "tb_pred": 0.9055666003976143,
      "gmm_pred": 0.9039920656584188,
      "gmm_pred_UB": 0.9161448286450609,
      "gmm_pred_LB": 0.8918393026717768,
      "resistance_pred": []
    },
    {
      "lin": "lineage4.3",
      "tb_pred": 0.06642468239564428,
      "gmm_pred": 0.2343174622082482,
      "gmm_pred_UB": 0.408686186599694,
      "gmm_pred_LB": 0.059948737816802405,
      "resistance_pred": []
    }
  ],
  "Unknown50-50DR": [],
  "gmm_tb-profiler_MSE": 0.014095232336424218
}