{
  "lineage": [
    {
      "lin": "lineage1.1.2",
      "tb_pred": 0.733286418015482,
      "gmm_pred": 0.7248575448352401,
      "gmm_pred_UB": 0.7503549535519783,
      "gmm_pred_LB": 0.6993601361185019,
      "resistance_pred": []
    },
    {
      "lin": "lineage1.1.3.3",
      "tb_pred": 0.23703112529928172,
      "gmm_pred": 0.2750614629180777,
      "gmm_pred_UB": 0.2975097899274125,
      "gmm_pred_LB": 0.2526131359087429,
      "resistance_pred": []
    }
  ],
  "Unknown50-50DR": [],
  "gmm_tb-profiler_MSE": 0.000758676241244105
}