{
  "lineage": [
    {
      "lin": "lineage3",
      "tb_pred": 0.9040247678018576,
      "gmm_pred": 0.885540320170713,
      "gmm_pred_UB": 0.9007079930307567,
      "gmm_pred_LB": 0.8703726473106694,
      "resistance_pred": []
    },
    {
      "lin": "lineage4",
      "tb_pred": 0.08635394456289978,
      "gmm_pred": 0.2835662673174984,
      "gmm_pred_UB": 0.36002591141793816,
      "gmm_pred_LB": 0.20710662321705864,
      "resistance_pred": []
    }
  ],
  "Unknown50-50DR": [],
  "gmm_tb-profiler_MSE": 0.019617187525246247
}