{
  "lineage": [
    {
      "lin": "lineage1.1.2",
      "tb_pred": 0.9473684210526315,
      "gmm_pred": 0.9072213000677598,
      "gmm_pred_UB": 0.921876059298134,
      "gmm_pred_LB": 0.8925665408373856,
      "resistance_pred": []
    },
    {
      "lin": "lineage4",
      "tb_pred": 0.06911447084233262,
      "gmm_pred": 0.25539329031650365,
      "gmm_pred_UB": 0.34414883979048366,
      "gmm_pred_LB": 0.16663774084252364,
      "resistance_pred": []
    }
  ],
  "Unknown50-50DR": [],
  "gmm_tb-profiler_MSE": 0.018155794954032363
}