{
  "lineage": [
    {
      "lin": "lineage3",
      "tb_pred": 0.9252704031465093,
      "gmm_pred": 0.8952011568635944,
      "gmm_pred_UB": 0.9112713374034552,
      "gmm_pred_LB": 0.8791309763237335,
      "resistance_pred": []
    },
    {
      "lin": "lineage4",
      "tb_pred": 0.07883817427385892,
      "gmm_pred": 0.2537366301072301,
      "gmm_pred_UB": 0.33669956006499374,
      "gmm_pred_LB": 0.1707737001494664,
      "resistance_pred": []
    }
  ],
  "Unknown50-50DR": [],
  "gmm_tb-profiler_MSE": 0.015746814712460137
}