{
  "lineage": [
    {
      "lin": "lineage3",
      "tb_pred": 0.5158924205378973,
      "gmm_pred": 0.5340950341728306,
      "gmm_pred_UB": 0.546063175923857,
      "gmm_pred_LB": 0.5221268924218041,
      "resistance_pred": []
    },
    {
      "lin": "lineage4.4.1.1",
      "tb_pred": 0.43765903307888043,
      "gmm_pred": 0.47860163873955297,
      "gmm_pred_UB": 0.49454081548649315,
      "gmm_pred_LB": 0.4626624619926128,
      "resistance_pred": []
    }
  ],
  "Unknown50-50DR": [],
  "gmm_tb-profiler_MSE": 0.0010038160507139964
}