{
  "lineage": [
    {
      "lin": "lineage4.2.1.1",
      "tb_pred": 0.8395573997233748,
      "gmm_pred": 0.8569309187331201,
      "gmm_pred_UB": 0.8875648784682069,
      "gmm_pred_LB": 0.8262969589980333,
      "resistance_pred": []
    },
    {
      "lin": "lineage2.2",
      "tb_pred": 0.051224944320712694,
      "gmm_pred": 0.148088005356842,
      "gmm_pred_UB": 0.2093760296721494,
      "gmm_pred_LB": 0.08679998104153458,
      "resistance_pred": []
    }
  ],
  "Unknown50-50DR": [],
  "gmm_tb-profiler_MSE": 0.004842145878035445
}