{
  "lineage": [
    {
      "lin": "lineage3.1.1",
      "tb_pred": 0.6971153846153846,
      "gmm_pred": 0.6716517680749932,
      "gmm_pred_UB": 0.6919552967336817,
      "gmm_pred_LB": 0.6513482394163046,
      "resistance_pred": []
    },
    {
      "lin": "lineage1.1.3.2",
      "tb_pred": 0.29708070978820833,
      "gmm_pred": 0.324675500376239,
      "gmm_pred_UB": 0.3410476158895333,
      "gmm_pred_LB": 0.3083033848629447,
      "resistance_pred": []
    }
  ],
  "Unknown50-50DR": [],
  "gmm_tb-profiler_MSE": 0.0007049341174566805
}