{
  "lineage": [
    {
      "lin": "lineage3.1.2",
      "tb_pred": 0.9391056137012369,
      "gmm_pred_UB": 0.9323699364573501,
      "gmm_pred_LB": 0.9107642227672716,
      "resistance_pred": []
    },
    {
      "lin": "lineage4",
      "tb_pred": 0.05779220779220779,
      "gmm_pred_UB": 0.3510730351167008,
      "gmm_pred_LB": 0.1755936660553567,
      "resistance_pred": []
    }
  ],
  "Unknown50-50DR": [],
  "gmm_tb-profiler_MSE": 0.02127738077948916
}