{
  "lineage": [
    {
      "lin": "lineage1.2.2.2",
      "tb_pred": 0.7242562929061785,
      "gmm_pred": 0.6960982039468637,
      "gmm_pred_UB": 0.7184188205572376,
      "gmm_pred_LB": 0.6737775873364898,
      "resistance_pred": []
    },
    {
      "lin": "lineage1.1.3.2",
      "tb_pred": 0.2678888231815494,
      "gmm_pred": 0.3087355188011683,
      "gmm_pred_UB": 0.336212718497336,
      "gmm_pred_LB": 0.28125831910500054,
      "resistance_pred": []
    }
  ],
  "Unknown50-50DR": [],
  "gmm_tb-profiler_MSE": 0.0012306652584412403
}