{
  "lineage": [
    {
      "lin": "lineage1.1.3.2",
      "tb_pred": 0.643344709897611,
      "gmm_pred": 0.6341410817199306,
      "gmm_pred_UB": 0.6555741100571949,
      "gmm_pred_LB": 0.6127080533826662,
      "resistance_pred": []
    },
    {
      "lin": "lineage1.2.2.2",
      "tb_pred": 0.3238042880703683,
      "gmm_pred": 0.3667119488985912,
      "gmm_pred_UB": 0.38918756686950073,
      "gmm_pred_LB": 0.3442363309276817,
      "resistance_pred": []
    }
  ],
  "Unknown50-50DR": [],
  "gmm_tb-profiler_MSE": 0.0009628870646914029
}