{
  "lineage": [
    {
      "lin": "lineage4.3.4.2.1",
      "tb_pred": 0.695822454308094,
      "gmm_pred": 0.6828293217800823,
      "gmm_UB": 0.7023410975859312,
      "gmm_LB": 0.6633175459742333,
      "DR_pred": []
    },
    {
      "lin": "lineage2.2.1",
      "tb_pred": 0.28744725738396626,
      "gmm_pred": 0.3252447479730395,
      "gmm_UB": 0.3494003937254113,
      "gmm_LB": 0.30108910222066765,
      "DR_pred": []
    }
  ],
  "Unknown50-50DR": []
}