{
  "lineage": [
    {
      "lin": "lineage1.1.3.2",
      "tb_pred": 0.6496636771300448,
      "gmm_pred": 0.6154388395526055,
      "gmm_UB": 0.6336856783073147,
      "gmm_LB": 0.5971920007978962,
      "DR_pred": []
    },
    {
      "lin": "lineage3.1.1",
      "tb_pred": 0.34924471299093657,
      "gmm_pred": 0.38410865918549303,
      "gmm_UB": 0.4037960951744512,
      "gmm_LB": 0.36442122319653486,
      "DR_pred": []
    }
  ],
  "Unknown50-50DR": []
}