{
  "lineage": [
    {
      "lin": "lineage2.2.1",
      "tb_pred": 0.6867196367763905,
      "gmm_pred": 0.6290292905158769,
      "gmm_UB": 0.6470241757215927,
      "gmm_LB": 0.6110344053101611,
      "DR_pred": []
    },
    {
      "lin": "lineage4.3.4.2.1",
      "tb_pred": 0.3433777154870357,
      "gmm_pred": 0.3939339376111407,
      "gmm_UB": 0.43197792330602786,
      "gmm_LB": 0.35588995191625356,
      "DR_pred": []
    }
  ],
  "Unknown50-50DR": []
}