{
  "lineage": [
    {
      "lin": "lineage4.3.4.2.1",
      "tb_pred": 0.7223159078133783,
      "gmm_pred": 0.6789888958979862,
      "gmm_UB": 0.6937537579788305,
      "gmm_LB": 0.6642240338171418,
      "DR_pred": []
    },
    {
      "lin": "lineage4.9",
      "tb_pred": 0.2975778546712803,
      "gmm_pred": 0.338254210372942,
      "gmm_UB": 0.3680184726716307,
      "gmm_LB": 0.30848994807425334,
      "DR_pred": []
    }
  ],
  "Unknown50-50DR": []
}