{
  "lineage": [
    {
      "lin": "lineage3.1.2",
      "tb_pred": 0.9136276391554703,
      "gmm_pred": 0.8861930813235334,
      "gmm_UB": 0.899521512163399,
      "gmm_LB": 0.8728646504836677,
      "DR_pred": []
    },
    {
      "lin": "lineage4",
      "tb_pred": 0.09179056237879767,
      "gmm_pred": 0.2179359849568373,
      "gmm_UB": 0.2900176358502182,
      "gmm_LB": 0.14585433406345638,
      "DR_pred": []
    }
  ],
  "Unknown50-50DR": []
}