{
  "lineage": [
    {
      "lin": "lineage4.3.4.2.1",
      "tb_pred": 0.7038834951456311,
      "gmm_pred": 0.629969998717689,
      "gmm_UB": 0.6486084197675676,
      "gmm_LB": 0.6113315776678104,
      "DR_pred": []
    },
    {
      "lin": "lineage3.1.2",
      "tb_pred": 0.3420479302832244,
      "gmm_pred": 0.36766273597494975,
      "gmm_UB": 0.3831418069685529,
      "gmm_LB": 0.3521836649813466,
      "DR_pred": []
    }
  ],
  "Unknown50-50DR": []
}