{
  "lineage": [
    {
      "lin": "lineage4.3.4.2.1",
      "tb_pred": 0.8836168307967771,
      "gmm_pred": 0.8607589466139711,
      "gmm_UB": 0.8718493941221641,
      "gmm_LB": 0.8496684991057781,
      "DR_pred": []
    },
    {
      "lin": "lineage3.1.2",
      "tb_pred": 0.11995637949836423,
      "gmm_pred": 0.2038472938837075,
      "gmm_UB": 0.26639329824131164,
      "gmm_LB": 0.14130128952610335,
      "DR_pred": []
    }
  ],
  "Unknown50-50DR": []
}