{
  "lineage": [
    {
      "lin": "lineage1.2.2.2",
      "tb_pred": 0.901829268292683,
      "gmm_pred": 0.9002608059246507,
      "gmm_UB": 0.9172849146559048,
      "gmm_LB": 0.8832366971933967,
      "DR_pred": []
    },
    {
      "lin": "lineage1.1.3",
      "tb_pred": 0.05205811138014528,
      "gmm_pred": 0.19295974599117408,
      "gmm_UB": 0.2710369999455734,
      "gmm_LB": 0.11488249203677477,
      "DR_pred": []
    }
  ],
  "Unknown50-50DR": []
}