{
  "lineage": [
    {
      "lin": "lineage4.9",
      "tb_pred": 0.8962678375411636,
      "gmm_pred": 0.8827080268381791,
      "gmm_UB": 0.9060561727366384,
      "gmm_LB": 0.8593598809397197,
      "DR_pred": []
    },
    {
      "lin": "lineage4.3.4.2.1",
      "tb_pred": 0.07250755287009064,
      "gmm_pred": 0.15922064892925708,
      "gmm_UB": 0.21477967049667296,
      "gmm_LB": 0.10366162736184119,
      "DR_pred": []
    }
  ],
  "Unknown50-50DR": []
}